id,created_at,text
799752929427292160,Fri Nov 18 23:15:31 +0000 2016,"b""Are you coming to #SurreyTree Lighting tomorrow? Don't forget to bring a donation for a charity partner!\xe2\x80\xa6 https://t.co/367rWwDXuF"""
799776034459648000,Sat Nov 19 00:47:20 +0000 2016,b'RT @itsrileysworld: Surrey Tree Lighting Festival setup currently underway. Starts tomorrow @ 12PM - 7PM https://t.co/rEjKfWgJNl #SurreyBC\xe2\x80\xa6'
799775192885194752,Sat Nov 19 00:43:59 +0000 2016,b'RT @itsrileysworld: Surrey Tree Lighting Festival setup currently underway. Starts tomorrow @ 12PM - 7PM https://t.co/rEjKfWgJNl #SurreyBC\xe2\x80\xa6'
799774627090329600,Sat Nov 19 00:41:44 +0000 2016,"b""@CityofSurrey Oh! How exciting! It's beginning to look a lot like December! - Green Bear"""
799772525605502976,Sat Nov 19 00:33:23 +0000 2016,b'RT @CityofSurrey: One more sleep till we kick off the holiday season with our #SurreyTree Lighting Festival! See you tomorrow! https://t.co\xe2\x80\xa6'
799769677727551488,Sat Nov 19 00:22:04 +0000 2016,b'RT @CityofSurrey: One more sleep till we kick off the holiday season with our #SurreyTree Lighting Festival! See you tomorrow! https://t.co\xe2\x80\xa6'
799769671578701824,Sat Nov 19 00:22:03 +0000 2016,b'Surrey Tree Lighting Festival setup currently underway. Starts tomorrow @ 12PM - 7PM https://t.co/rEjKfWgJNl\xe2\x80\xa6 https://t.co/TiyAte5Nty'
799767755771654144,Sat Nov 19 00:14:26 +0000 2016,b'Interested in successful design &amp; implementation of user fees? Get a  copy of my book https://t.co/0Zv9nEbEPz @cityofkelowna @CityofSurrey'
799766875613773825,Sat Nov 19 00:10:56 +0000 2016,"b""RT @CityofSurrey: Are you coming to #SurreyTree Lighting tomorrow? Don't forget to bring a donation for a charity partner! https://t.co/JqP\xe2\x80\xa6"""
799766491054817280,Sat Nov 19 00:09:25 +0000 2016,b'RT @CityofSurrey: Register &amp; find out how social innovation builds better communities. #SurreyInnovates Nov.23 https://t.co/jCV4Ycsius http\xe2\x80\xa6'
799766443084496896,Sat Nov 19 00:09:13 +0000 2016,"b""RT @CityofSurrey: Are you coming to #SurreyTree Lighting tomorrow? Don't forget to bring a donation for a charity partner! https://t.co/JqP\xe2\x80\xa6"""
799765439396118528,Sat Nov 19 00:05:14 +0000 2016,b'One more sleep till we kick off the holiday season with our #SurreyTree Lighting Festival! See you tomorrow!\xe2\x80\xa6 https://t.co/tpFVvRIMUh'
799765425471057920,Sat Nov 19 00:05:11 +0000 2016,"b""RT @CityofSurrey you signed ur kids up 4 the 10th Annual Surrey Kids Conference this weekend? There's still space! https://t.co/gCaqWygKBb"""
799764461699465216,Sat Nov 19 00:01:21 +0000 2016,b'RT @CityofSurrey: John Volken sold his $200M company to start helping young people at @VolkenAcademy. Meet him Nov 23 #SurreyInnovates http\xe2\x80\xa6'
799764212402692096,Sat Nov 19 00:00:21 +0000 2016,"b""RT @CityofSurrey: Are you coming to #SurreyTree Lighting tomorrow? Don't forget to bring a donation for a charity partner! https://t.co/JqP\xe2\x80\xa6"""
799761358845661185,Fri Nov 18 23:49:01 +0000 2016,"b""What's possible for your community? Read about #grandviewheightsaquatic-our award-winning work w @CityofSurrey\xe2\x80\xa6 https://t.co/FvUGnm8fcm"""
799754350125924353,Fri Nov 18 23:21:10 +0000 2016,b'RT @Paradeguy: Help promote your favourite Cloverdale business!!! See link to vote @CityofSurrey @ElementsCasino @CloverdaleNews @Cloverdal\xe2\x80\xa6'
799753014860881920,Fri Nov 18 23:15:52 +0000 2016,"b""RT @CityofSurrey: Are you coming to #SurreyTree Lighting tomorrow? Don't forget to bring a donation for a charity partner! https://t.co/JqP\xe2\x80\xa6"""
799752972762681344,Fri Nov 18 23:15:42 +0000 2016,"b""RT @CityofSurrey: Are you coming to #SurreyTree Lighting tomorrow? Don't forget to bring a donation for a charity partner! https://t.co/JqP\xe2\x80\xa6"""
799752952814522368,Fri Nov 18 23:15:37 +0000 2016,b'Help promote your favourite Cloverdale business!!! See link to vote @CityofSurrey @ElementsCasino @CloverdaleNews\xe2\x80\xa6 https://t.co/xbgfie4pRJ'
799752929427292160,Fri Nov 18 23:15:31 +0000 2016,"b""Are you coming to #SurreyTree Lighting tomorrow? Don't forget to bring a donation for a charity partner!\xe2\x80\xa6 https://t.co/367rWwDXuF"""
799740666578223104,Fri Nov 18 22:26:48 +0000 2016,b'RT @CityofSurrey: Register &amp; find out how social innovation builds better communities. #SurreyInnovates Nov.23 https://t.co/jCV4Ycsius http\xe2\x80\xa6'
799740279372873731,Fri Nov 18 22:25:15 +0000 2016,b'Register &amp; find out how social innovation builds better communities. #SurreyInnovates Nov.23 https://t.co/jCV4Ycsius https://t.co/RwfZQstCJ0'
799738548580532225,Fri Nov 18 22:18:23 +0000 2016,b'RT @MOSAICBC: .@cityofsurrey Happening now! Passionate talks on embracing positivity at True Colours of Surrey Forum! #endracism https://t.\xe2\x80\xa6'
799731208234172417,Fri Nov 18 21:49:12 +0000 2016,b'RT @Raye_E: #ff @bcplace @CanadaPlace @NatPancFdn @PancreasCenter @NirajGusani @CityofSurrey @PurplePetition @MedianFund @jd2b1999 @chemogi\xe2\x80\xa6'
799729907861516288,Fri Nov 18 21:44:02 +0000 2016,"b'RT @mlazz_com: #throwingback 2015 for tomorrow, the #surreybc #treelighting @CityofSurrey #cityhall plaza! #santa https://t.co/Wq007XruND'"
799728946694660096,Fri Nov 18 21:40:13 +0000 2016,b'RT @CityofSurrey: John Volken sold his $200M company to start helping young people at @VolkenAcademy. Meet him Nov 23 #SurreyInnovates http\xe2\x80\xa6'
799727282424147969,Fri Nov 18 21:33:37 +0000 2016,"b'#throwingback 2015 for tomorrow, the #surreybc #treelighting @CityofSurrey #cityhall plaza! #santa https://t.co/Wq007XruND'"
799726190994997248,Fri Nov 18 21:29:16 +0000 2016,b'Check out this free family fun ~ registration required. @CityofSurrey #childrensfest https://t.co/ZEBcsUkExb'
799723939975036929,Fri Nov 18 21:20:20 +0000 2016,"b""Let's make a mural! Bring your creativity to City Centre Library on Nov 22 &amp; we'll show you some Photoshop skills. https://t.co/VnofxiTIA5"""
799714827052589057,Fri Nov 18 20:44:07 +0000 2016,"b'RT @Newton_BIA: Coming to the Newton Safety Breakfast, Nov 29? https://t.co/fDCD9CjKWI #surreybc #mynewton #safertogether @CityofSurrey @Su\xe2\x80\xa6'"
799714796232916992,Fri Nov 18 20:44:00 +0000 2016,"b""RT @CityofSurrey: Santa's dropping by the Animal Resource Centre to take photos with pets. Come get yours on Nov 20. #surreyBC https://t.co\xe2\x80\xa6"""
799712213619458052,Fri Nov 18 20:33:44 +0000 2016,b'.@cityofsurrey Happening now! Passionate talks on embracing positivity at True Colours of Surrey Forum! #endracism https://t.co/3sb12ANQ82'
799711491612024832,Fri Nov 18 20:30:52 +0000 2016,"b""Santa's dropping by the Animal Resource Centre to take photos with pets. Come get yours on Nov 20. #surreyBC\xe2\x80\xa6 https://t.co/Me6bUH9l5c"""
799702601201750017,Fri Nov 18 19:55:32 +0000 2016,"b'Coming to the Newton Safety Breakfast, Nov 29? https://t.co/fDCD9CjKWI #surreybc #mynewton #safertogether\xe2\x80\xa6 https://t.co/NE3ZHemJjC'"
799693083507990528,Fri Nov 18 19:17:43 +0000 2016,b'RT @CityofSurrey: John Volken sold his $200M company to start helping young people at @VolkenAcademy. Meet him Nov 23 #SurreyInnovates http\xe2\x80\xa6'
799689648863924228,Fri Nov 18 19:04:04 +0000 2016,b'RT @CityofSurrey: Looking for things to do with your active kid tomorrow? Here are top 5 things to check out at #SurreyTree Lighting! https\xe2\x80\xa6'
799689022062751744,Fri Nov 18 19:01:35 +0000 2016,b'Looking for things to do with your active kid tomorrow? Here are top 5 things to check out at #SurreyTree Lighting!\xe2\x80\xa6 https://t.co/cXZswnb8FV'
799687203676770305,Fri Nov 18 18:54:21 +0000 2016,"b""Yo @CityofSurrey @CityofVancouver not sure who I'm supposed to tweet at but can someone please pressure wash the Alex Fraser bridge. Thanks"""
799678441352208384,Fri Nov 18 18:19:32 +0000 2016,b'RT @CupeLocal402: Great job #cupe402 members on our Christmas tree for @CityofSurrey annual #festoftrees event! @CUPEBC https://t.co/u29mAE\xe2\x80\xa6'
799676932698804224,Fri Nov 18 18:13:32 +0000 2016,b'awesome! https://t.co/U1NYXZGWII'
799673966264799232,Fri Nov 18 18:01:45 +0000 2016,b'John Volken sold his $200M company to start helping young people at @VolkenAcademy. Meet him Nov 23\xe2\x80\xa6 https://t.co/j8HG4wW4RR'
799670897493819392,Fri Nov 18 17:49:33 +0000 2016,b'@HudsonHomeTeam  This one has been sent to our crews for follow up as well. Thanks again! ^NP'
799666390185578496,Fri Nov 18 17:31:39 +0000 2016,b'@CityofSurrey @ThisIsSurreyBC Beautiful!'
799666365191704576,Fri Nov 18 17:31:33 +0000 2016,b'RT @CupeLocal402: Great job #cupe402 members on our Christmas tree for @CityofSurrey annual #festoftrees event! @CUPEBC https://t.co/u29mAE\xe2\x80\xa6'
799666324024635392,Fri Nov 18 17:31:23 +0000 2016,b'Great job #cupe402 members on our Christmas tree for @CityofSurrey annual #festoftrees event! @CUPEBC https://t.co/u29mAEfU2k'
799666260304871424,Fri Nov 18 17:31:08 +0000 2016,b'RT @CityofSurrey: Our City Hall Plaza is lit purple in honour of World Pancreatic Cancer Day\xf0\x9f\x92\x9c. #WPCD #surreybc https://t.co/6aQVL6hDXH'
799664491000569856,Fri Nov 18 17:24:06 +0000 2016,b'RT @CityofSurrey: Our City Hall Plaza is lit purple in honour of World Pancreatic Cancer Day\xf0\x9f\x92\x9c. #WPCD #surreybc https://t.co/6aQVL6hDXH'
799660353697087489,Fri Nov 18 17:07:39 +0000 2016,"b""@HudsonHomeTeam Thanks for reporting this. We've shared this with our Parks team for follow up. ^NP"""
799660003112034305,Fri Nov 18 17:06:16 +0000 2016,b'RT @hcma: Congrats to all of the @worldarchfest category winners + to our #GrandviewHeightsAquatic team @CityofSurrey @fast_epp @EllisDon \xf0\x9f\x8d\xbe\xe2\x80\xa6'
799658579208847364,Fri Nov 18 17:00:36 +0000 2016,"b'@nayyarsohail We love hearing about these stories, thanks for sharing it with us :) ^NP'"
799647314264502272,Fri Nov 18 16:15:51 +0000 2016,b'RT @Paradeguy: Elves prepping D/T #cloverdale for upcoming Parade on Dec 4 @CloverdaleNews @TheNowNewspaper @CityofSurrey @pulse1077 @Disco\xe2\x80\xa6'
799645753350049792,Fri Nov 18 16:09:38 +0000 2016,b'RT @CityofSurrey: Our City Hall Plaza is lit purple in honour of World Pancreatic Cancer Day\xf0\x9f\x92\x9c. #WPCD #surreybc https://t.co/6aQVL6hDXH'
799626511984758784,Fri Nov 18 14:53:11 +0000 2016,b'RT @CityofSurrey: A lesson from Toronto. Learn how @TRIEC connects immigrants + employers at #SurreyInnovates  Nov 23 #SurreyBC https://t.c\xe2\x80\xa6'
799606102841327616,Fri Nov 18 13:32:05 +0000 2016,b'RT @Raye_E: #ff @bcplace @CanadaPlace @NatPancFdn @PancreasCenter @NirajGusani @CityofSurrey @PurplePetition @MedianFund @jd2b1999 @chemogi\xe2\x80\xa6'
799602049843200001,Fri Nov 18 13:15:59 +0000 2016,b'#ff @bcplace @CanadaPlace @NatPancFdn @PancreasCenter @NirajGusani @CityofSurrey @PurplePetition @MedianFund @jd2b1999 @chemogirls \xf0\x9f\x92\x9c\xf0\x9f\x92\x9c'
799599801960542208,Fri Nov 18 13:07:03 +0000 2016,"b'Thank you BC to our iconic venues for raising awareness to Pancreatic Cancer, @CanadaPlace @CityofSurrey @ProvinceofBC &amp;@bcplace on 22/Nov\n\xf0\x9f\x92\x9c'"
799572215226400768,Fri Nov 18 11:17:26 +0000 2016,b'Fantastic!  Thank you for your support! https://t.co/MpprKbz258'
799533448847310848,Fri Nov 18 08:43:23 +0000 2016,"b'RT @CloverdaleRodeo: #CloverdaleRodeo Christmas Tree at @CityofSurrey City Hall\n\nSheriff badges = complimentary. Take a few, share souvenir\xe2\x80\xa6'"
799518547206635522,Fri Nov 18 07:44:10 +0000 2016,b'RT @CharlenePDobie: Thanks to @SurreyFirst @CityofSurrey @BCLiberalCaucus @Surrey_Schools now include space for portables when designing ne\xe2\x80\xa6'
799506628886274048,Fri Nov 18 06:56:49 +0000 2016,b'The NYCARE Daily ~  https://t.co/68ain9SYlm Stories via @CityofSurrey #bcpoli #tax'
799503498299719681,Fri Nov 18 06:44:22 +0000 2016,b'Thanks to @SurreyFirst @CityofSurrey @BCLiberalCaucus @Surrey_Schools now include space for portables when designing new schools #SurreyBC'
799497929757229056,Fri Nov 18 06:22:15 +0000 2016,b'RT @CityofSurrey: Our City Hall Plaza is lit purple in honour of World Pancreatic Cancer Day\xf0\x9f\x92\x9c. #WPCD #surreybc https://t.co/6aQVL6hDXH'
799492514080325632,Fri Nov 18 06:00:43 +0000 2016,"b""RT @SarahMcTaggart1: Don't forget the @CityofSurrey Tree Lighting Festival on Nov 19th! \xf0\x9f\x8e\x84\nhttps://t.co/OGBDj6Ditn for full event details ht\xe2\x80\xa6"""
799491527684878336,Fri Nov 18 05:56:48 +0000 2016,b'Oh to be in #Surrey to meet with my #Canadian peeps who use #arts &amp; #culture for positive change in #communities. G\xe2\x80\xa6 https://t.co/zo7nNhdqmI'
799491394809298944,Fri Nov 18 05:56:17 +0000 2016,b'RT @CityofSurrey: Our City Hall Plaza is lit purple in honour of World Pancreatic Cancer Day\xf0\x9f\x92\x9c. #WPCD #surreybc https://t.co/6aQVL6hDXH'
799489324001689600,Fri Nov 18 05:48:03 +0000 2016,b'RT @CityofSurrey: Our City Hall Plaza is lit purple in honour of World Pancreatic Cancer Day\xf0\x9f\x92\x9c. #WPCD #surreybc https://t.co/6aQVL6hDXH'
799485313265475584,Fri Nov 18 05:32:07 +0000 2016,"b""@CraigsCause you've done a gr8 job Raising Awareness to Pancreatic Cancer.  BC came through nicely. Hope you've seen @CityofSurrey Plaza pic"""
799484064709234688,Fri Nov 18 05:27:09 +0000 2016,b'RT @BCCSABeSafe: Ground Disturbance Seminar Dec 6th in @CityofSurrey with @BCCommonGround @DigSafeCanada @GlobalTCentre Register today #BCC\xe2\x80\xa6'
799480457175801856,Fri Nov 18 05:12:49 +0000 2016,"b'RT @CityofSurrey: How can we leverage the power of the arts &amp; culture to transform communities?  @MarkBusse @hborys to discuss, Nov 23 #Sur\xe2\x80\xa6'"
799479995156426752,Fri Nov 18 05:10:59 +0000 2016,b'RT @Paradeguy: Elves prepping D/T #cloverdale for upcoming Parade on Dec 4 @CloverdaleNews @TheNowNewspaper @CityofSurrey @pulse1077 @Disco\xe2\x80\xa6'
799479972721086464,Fri Nov 18 05:10:53 +0000 2016,b'RT @CityofSurrey: Our City Hall Plaza is lit purple in honour of World Pancreatic Cancer Day\xf0\x9f\x92\x9c. #WPCD #surreybc https://t.co/6aQVL6hDXH'
799479877673971712,Fri Nov 18 05:10:31 +0000 2016,b'@CityofSurrey you look beautiful.  Thank you so much for shining purple for Pancreatic Cancer Awareness. \xf0\x9f\x92\x9c\xf0\x9f\x92\x9c\xf0\x9f\x92\x9c\xf0\x9f\x92\x9c'
799479615446102016,Fri Nov 18 05:09:28 +0000 2016,b'RT @CityofSurrey: Our City Hall Plaza is lit purple in honour of World Pancreatic Cancer Day\xf0\x9f\x92\x9c. #WPCD #surreybc https://t.co/6aQVL6hDXH'
799477301268258816,Fri Nov 18 05:00:16 +0000 2016,b'RT @CityofSurrey: Our City Hall Plaza is lit purple in honour of World Pancreatic Cancer Day\xf0\x9f\x92\x9c. #WPCD #surreybc https://t.co/6aQVL6hDXH'
799474753857671168,Fri Nov 18 04:50:09 +0000 2016,"b'Wow,, that looks cool. https://t.co/RrFlgUWZki'"
799473199654301697,Fri Nov 18 04:43:58 +0000 2016,b'RT @CityofSurrey: Our City Hall Plaza is lit purple in honour of World Pancreatic Cancer Day\xf0\x9f\x92\x9c. #WPCD #surreybc https://t.co/6aQVL6hDXH'
799472855213740032,Fri Nov 18 04:42:36 +0000 2016,b'@Raye_E it certainly is:) check out the photo\xf0\x9f\x92\x9c! ^NP https://t.co/LpP9173DZx'
799472609846886400,Fri Nov 18 04:41:38 +0000 2016,b'Our City Hall Plaza is lit purple in honour of World Pancreatic Cancer Day\xf0\x9f\x92\x9c. #WPCD #surreybc https://t.co/6aQVL6hDXH'
799464915656474624,Fri Nov 18 04:11:03 +0000 2016,"b'RT @Raye_E: @CanadaPlace @PanCancerCanada thank you. @CityofSurrey, city hall plaza will shine purple tonight in support of raising awarene\xe2\x80\xa6'"
799463514209325056,Fri Nov 18 04:05:29 +0000 2016,"b'RT @Raye_E: @CanadaPlace @PanCancerCanada thank you. @CityofSurrey, city hall plaza will shine purple tonight in support of raising awarene\xe2\x80\xa6'"
799452937822945281,Fri Nov 18 03:23:28 +0000 2016,"b""RT @SarahMcTaggart1: Don't forget the @CityofSurrey Tree Lighting Festival on Nov 19th! \xf0\x9f\x8e\x84\nhttps://t.co/OGBDj6Ditn for full event details ht\xe2\x80\xa6"""
799452878997860352,Fri Nov 18 03:23:14 +0000 2016,"b""RT @SarahMcTaggart1: Don't forget the @CityofSurrey Tree Lighting Festival on Nov 19th! \xf0\x9f\x8e\x84\nhttps://t.co/OGBDj6Ditn for full event details ht\xe2\x80\xa6"""
799452738396393473,Fri Nov 18 03:22:40 +0000 2016,"b""Don't forget the @CityofSurrey Tree Lighting Festival on Nov 19th! \xf0\x9f\x8e\x84\nhttps://t.co/OGBDj6Ditn for full event details https://t.co/xIrPBqqCxA"""
799445577591181312,Fri Nov 18 02:54:13 +0000 2016,b'Let me take this opportunity to praise and appreciate High standards of services provided by Manager  @CityofSurrey https://t.co/IqKxB0gTnb'
799436137747972096,Fri Nov 18 02:16:42 +0000 2016,b'RT @JanetBrown980: 254 extreme #winter shelter beds opening up in @CityofVancouver and only 35 in @CityofSurrey with 20 in #Whalley. https:\xe2\x80\xa6'
799435101549408256,Fri Nov 18 02:12:35 +0000 2016,b'RT @CityofSurrey: A lesson from Toronto. Learn how @TRIEC connects immigrants + employers at #SurreyInnovates  Nov 23 #SurreyBC https://t.c\xe2\x80\xa6'
799423462003478528,Fri Nov 18 01:26:20 +0000 2016,b'RT @JanetBrown980: 254 extreme #winter shelter beds opening up in @CityofVancouver and only 35 in @CityofSurrey with 20 in #Whalley. https:\xe2\x80\xa6'
799421121309261825,Fri Nov 18 01:17:02 +0000 2016,b'254 extreme #winter shelter beds opening up in @CityofVancouver and only 35 in @CityofSurrey with 20 in #Whalley. https://t.co/N2TnL9jNt2'
799407289383849984,Fri Nov 18 00:22:04 +0000 2016,b'RT @hcma: Congrats to all of the @worldarchfest category winners + to our #GrandviewHeightsAquatic team @CityofSurrey @fast_epp @EllisDon \xf0\x9f\x8d\xbe\xe2\x80\xa6'
799407229459955712,Fri Nov 18 00:21:50 +0000 2016,"b'RT @Raye_E: @CanadaPlace @PanCancerCanada thank you. @CityofSurrey, city hall plaza will shine purple tonight in support of raising awarene\xe2\x80\xa6'"
799406579019694080,Fri Nov 18 00:19:15 +0000 2016,"b'@CanadaPlace @PanCancerCanada thank you. @CityofSurrey, city hall plaza will shine purple tonight in support of raising awareness to PC\xf0\x9f\x92\x9c'"
799402546209038336,Fri Nov 18 00:03:13 +0000 2016,b'@CityofSurrey serenaded with Christmas carols in the library #civilized'
799399288728145920,Thu Nov 17 23:50:17 +0000 2016,b'Looking for some early Xmas spirit this weekend? Join us Saturday with @CityofSurrey at the Surrey Tree Lighting Fe\xe2\x80\xa6 https://t.co/9fLmktukXJ'
799387966929940480,Thu Nov 17 23:05:17 +0000 2016,b'Are your kids crafty? Check out our top 5 activities for artsy kids at #SurreyTree Lighting this Sat. #SurreyBC https://t.co/KvsM73gjw7'
799387683919261696,Thu Nov 17 23:04:10 +0000 2016,"b"".@DScottGroves @worldarchfest @CityofSurrey @fast_epp @EllisDon So fantastic to see what's possible with a strong vision."""
799375869064032258,Thu Nov 17 22:17:13 +0000 2016,b'RT @Paradeguy: Elves prepping D/T #cloverdale for upcoming Parade on Dec 4 @CloverdaleNews @TheNowNewspaper @CityofSurrey @pulse1077 @Disco\xe2\x80\xa6'
799371957376520192,Thu Nov 17 22:01:40 +0000 2016,b'We\xe2\x80\x99ve moved to an annual renewal process for dog licences. Learn more about the process. #SurreyBC https://t.co/n0o4i7FdJK'
799367542615797760,Thu Nov 17 21:44:08 +0000 2016,b'RT @CityofSurrey: A lesson from Toronto. Learn how @TRIEC connects immigrants + employers at #SurreyInnovates  Nov 23 #SurreyBC https://t.c\xe2\x80\xa6'
799360149689278464,Thu Nov 17 21:14:45 +0000 2016,"b'#CloverdaleRodeo Christmas Tree at @CityofSurrey City Hall\n\nSheriff badges = complimentary. Take a few, share souve\xe2\x80\xa6 https://t.co/cfa6V7u36C'"
799359082645880833,Thu Nov 17 21:10:31 +0000 2016,b'A lesson from Toronto. Learn how @TRIEC connects immigrants + employers at #SurreyInnovates  Nov 23 #SurreyBC\xe2\x80\xa6 https://t.co/X8TtueT2Mr'
799358139720048640,Thu Nov 17 21:06:46 +0000 2016,b'congratulations to the team! @hcma @worldarchfest @CityofSurrey @fast_epp @EllisDon Simply Overwhelmed!'
799357829375135744,Thu Nov 17 21:05:32 +0000 2016,b'RT @hcma: Congrats to all of the @worldarchfest category winners + to our #GrandviewHeightsAquatic team @CityofSurrey @fast_epp @EllisDon \xf0\x9f\x8d\xbe\xe2\x80\xa6'
799353539080294401,Thu Nov 17 20:48:29 +0000 2016,b'RT @hcma: Congrats to all of the @worldarchfest category winners + to our #GrandviewHeightsAquatic team @CityofSurrey @fast_epp @EllisDon \xf0\x9f\x8d\xbe\xe2\x80\xa6'
799352280755552256,Thu Nov 17 20:43:29 +0000 2016,b'RT @hcma: Congrats to all of the @worldarchfest category winners + to our #GrandviewHeightsAquatic team @CityofSurrey @fast_epp @EllisDon \xf0\x9f\x8d\xbe\xe2\x80\xa6'
799352083929448449,Thu Nov 17 20:42:42 +0000 2016,b'Tonight City of Surrey B C;   City Hall Plaza lighting Purple to bring awareness to Pancreatic Cancer.  Thanks @CityofSurrey.'
799343409391489024,Thu Nov 17 20:08:14 +0000 2016,b'RT @Paradeguy: Elves prepping D/T #cloverdale for upcoming Parade on Dec 4 @CloverdaleNews @TheNowNewspaper @CityofSurrey @pulse1077 @Disco\xe2\x80\xa6'
799334333425123328,Thu Nov 17 19:32:10 +0000 2016,b'Elves prepping D/T #cloverdale for upcoming Parade on Dec 4 @CloverdaleNews @TheNowNewspaper @CityofSurrey\xe2\x80\xa6 https://t.co/59g7lsqPj9'
799332858892431360,Thu Nov 17 19:26:19 +0000 2016,b'RT @hcma: Congrats to all of the @worldarchfest category winners + to our #GrandviewHeightsAquatic team @CityofSurrey @fast_epp @EllisDon \xf0\x9f\x8d\xbe\xe2\x80\xa6'
799332825405255681,Thu Nov 17 19:26:11 +0000 2016,b'RT @hcma: Congrats to all of the @worldarchfest category winners + to our #GrandviewHeightsAquatic team @CityofSurrey @fast_epp @EllisDon \xf0\x9f\x8d\xbe\xe2\x80\xa6'
799332693527826432,Thu Nov 17 19:25:39 +0000 2016,b'RT @hcma: Congrats to all of the @worldarchfest category winners + to our #GrandviewHeightsAquatic team @CityofSurrey @fast_epp @EllisDon \xf0\x9f\x8d\xbe\xe2\x80\xa6'
799332653983903744,Thu Nov 17 19:25:30 +0000 2016,b'RT @hcma: Congrats to all of the @worldarchfest category winners + to our #GrandviewHeightsAquatic team @CityofSurrey @fast_epp @EllisDon \xf0\x9f\x8d\xbe\xe2\x80\xa6'
799329705174310912,Thu Nov 17 19:13:47 +0000 2016,b'Congrats to all of the @worldarchfest category winners + to our #GrandviewHeightsAquatic team @CityofSurrey\xe2\x80\xa6 https://t.co/nNOfadquMe'
799326582619803648,Thu Nov 17 19:01:22 +0000 2016,"b'Help us create a digital mural for our Urban Screen! Bring your creativity to City Centre Library, Nov 22 #SurreyBC https://t.co/zrFN4ClCC7'"
799323608006950912,Thu Nov 17 18:49:33 +0000 2016,b'Closed-loop @CityofSurrey biofuel facility now at 85% capacity was built without increase in property taxes #CircularEconomy @SWANA'
799322856505151490,Thu Nov 17 18:46:34 +0000 2016,b'@CityofSurrey fleet &amp; all garbage trucks will run on 100% biofuel from its facility #CircularEconomy @SWANAPacific\xe2\x80\xa6 https://t.co/fqgju0zkXK'
799321361915125760,Thu Nov 17 18:40:38 +0000 2016,b'HOW TO BUILD SURREY THROUGH SOCIAL INNOVATION\nhttps://t.co/4iQZHrqe5T @SBofT @CityofSurrey @SFU_Media @Vancity https://t.co/FGbeMsTXTc'
799319381071331328,Thu Nov 17 18:32:45 +0000 2016,"b'@OrgaworldCanada,  P3 partner, owns 100% of the compost produced by @CityofSurrey biofuel facility @SWANAPacific https://t.co/Y3BuZ0uscX'"
799317127941406720,Thu Nov 17 18:23:48 +0000 2016,"b'Rob Costanzo @CityofSurrey : biofuel facility was modelled on European &amp; US systems, financed by P3 @SWANAPacific  https://t.co/Y3BuZ0M34v'"
799315051362455553,Thu Nov 17 18:15:33 +0000 2016,b'@CityofSurrey  A number of posts have been knocked down in The urban Forest in South Surrey. Just north of 20th and 145.'
799312870777319424,Thu Nov 17 18:06:53 +0000 2016,b'RT @SFUCED: MT @CityofSurrey: Help find solutions to some of our community issues Nov23 #SurreyInnovates https://t.co/cEQwGyveXU https://t.\xe2\x80\xa6'
799311743348572160,Thu Nov 17 18:02:24 +0000 2016,b'Food for thought as this year\xe2\x80\x99s #SurreyInnovates draws near. Nov 23 @ Surrey City Hall https://t.co/NVgbckDp9h'
799305856441401344,Thu Nov 17 17:39:01 +0000 2016,b'@CityofSurrey  stop sign at 18 A and 146 is backwards.'
799301217977405440,Thu Nov 17 17:20:35 +0000 2016,b'RT @SurreyMortgages: [BREAKING] Grandview Heights Aquatic Centre Wins International Design Award #SouthSurrey #SurreyBC #CityofSurrey https\xe2\x80\xa6'
799298490421673985,Thu Nov 17 17:09:45 +0000 2016,"b""@tanvirg33 2/2 Pls email webteam@surrey.ca with your contact info &amp; we'll notify the team. ^NP"""
799298391499034624,Thu Nov 17 17:09:21 +0000 2016,"b""@tanvirg33 1/2 We're sorry about this. Which team would you like to contact? We can help you get in touch with them."""
799297127964807168,Thu Nov 17 17:04:20 +0000 2016,"b'RT @PetePothier: #SurreyBC #Surrey @CityofSurrey @SurreyRCMP another stolen work van reported this morning, gettin real tired of this shit.\xe2\x80\xa6'"
799282133676081152,Thu Nov 17 16:04:45 +0000 2016,b'@frank_enstein__ @BaileyJayTweets @CityofSurrey surrey right now'
799280640923471872,Thu Nov 17 15:58:49 +0000 2016,b'It was good to see two security people outside arena. @NewtonEyeView @NewtonResidents @CityofSurrey @SurreyRCMP https://t.co/3jErCfzcSC'
799173670254034944,Thu Nov 17 08:53:45 +0000 2016,b'RT @WCCityData: The WCCD is pleased to welcome @CityofSurrey as an #ISO37120 Platinum certified city! 1st city in #BritishColumbia! https:/\xe2\x80\xa6'
799168045751169028,Thu Nov 17 08:31:24 +0000 2016,b'RT @WCCityData: WCCD Pres&amp;CEO to speak at the #IntelligentCitiesSummit on standardized city data (incl.data from @CityofSurrey) https://t.c\xe2\x80\xa6'
799167905514524672,Thu Nov 17 08:30:51 +0000 2016,b'RT @WCCityData: The WCCD is pleased to welcome @CityofSurrey as an #ISO37120 Platinum certified city! 1st city in #BritishColumbia! https:/\xe2\x80\xa6'
799137064029556736,Thu Nov 17 06:28:17 +0000 2016,b'RT @CityofSurrey: Add your voice to finding solutions to some of our most pressing community issues on Nov 23. #SurreyInnovates https://t.c\xe2\x80\xa6'
799136951555104768,Thu Nov 17 06:27:51 +0000 2016,b'RT @CityofSurrey: .@Vancity will share social innovation success stories at Surrey Social Innovation Summit Nov.23 #SurreyInnovates https:/\xe2\x80\xa6'
799136633219973120,Thu Nov 17 06:26:35 +0000 2016,"b'RT @Newton_BIA: Learn more about @CityofSurrey Public Safety Strategy. Safety Breakfast Nov 29, https://t.co/fDCD9CjKWI #surreybc #mynewton\xe2\x80\xa6'"
799117421831340033,Thu Nov 17 05:10:14 +0000 2016,"b""Can't help think of #hockey mom Julie Pascall attacked here when I'm at #Newton arena @NewtonResidents @CityofSurrey https://t.co/z7dlRgCg6L"""
799114293601976320,Thu Nov 17 04:57:49 +0000 2016,b'RT @BTArchitects: Congradulations @CityofSurrey #surreybc @sry604'
799111046149468160,Thu Nov 17 04:44:54 +0000 2016,"b'RT @CityofSurrey: How can we leverage the power of the arts &amp; culture to transform communities?  @MarkBusse @hborys to discuss, Nov 23 #Sur\xe2\x80\xa6'"
799110814833766401,Thu Nov 17 04:43:59 +0000 2016,b'RT @esingh21: @CityofSurrey #SurreyBC has very cold weather. At least there is no snow.... https://t.co/tD8v7jN2f8'
799107953903030272,Thu Nov 17 04:32:37 +0000 2016,b'@CityofSurrey #SurreyBC has very cold weather. At least there is no snow.... https://t.co/tD8v7jN2f8'
799093456123490304,Thu Nov 17 03:35:01 +0000 2016,"b'RT @SurreyOpenData: Happy #GISDay, #SurreyBC. The @CityofSurrey uses GIS as a way to share data, tell stories, and save residents a trip to\xe2\x80\xa6'"
799082647372693504,Thu Nov 17 02:52:04 +0000 2016,b'RT @CityofSurrey: Add your voice to finding solutions to some of our most pressing community issues on Nov 23. #SurreyInnovates https://t.c\xe2\x80\xa6'
799082507446546432,Thu Nov 17 02:51:30 +0000 2016,"b'RT @CityofSurrey: How can we leverage the power of the arts &amp; culture to transform communities?  @MarkBusse @hborys to discuss, Nov 23 #Sur\xe2\x80\xa6'"
799079384447496192,Thu Nov 17 02:39:06 +0000 2016,b'RT @SurreyMortgages: [BREAKING] Grandview Heights Aquatic Centre Wins International Design Award #SouthSurrey #SurreyBC #CityofSurrey https\xe2\x80\xa6'
799070738703523841,Thu Nov 17 02:04:44 +0000 2016,"b""what is the point of paying taxes when @CityofSurrey can't even do their job properly. I called 6 times and nothing yet"""
799068091443384320,Thu Nov 17 01:54:13 +0000 2016,b'RT @CityofSurrey: .@Vancity will share social innovation success stories at Surrey Social Innovation Summit Nov.23 #SurreyInnovates https:/\xe2\x80\xa6'
799065586248642560,Thu Nov 17 01:44:16 +0000 2016,b'RT @MLACadieux: RT @CityofSurrey:\nCome to the Animal Resource Centre Nov 20 for hot chocolate and Santa pix with your pet. #SurreyBC https:\xe2\x80\xa6'
799058796093898752,Thu Nov 17 01:17:17 +0000 2016,b'@jensaltman when will @CityofSurrey start working on Newton revitalization?'
799056276378382336,Thu Nov 17 01:07:16 +0000 2016,b'@cityofrichmond @cityofsurrey @cityofburnaby Concrete pillars are installed at busy transit hubs and bus stops good\xe2\x80\xa6 https://t.co/CMbP3tJuHl'
799053190855540742,Thu Nov 17 00:55:01 +0000 2016,b'RT @CityofSurrey:\nCome to the Animal Resource Centre Nov 20 for hot chocolate and Santa pix with your pet. #SurreyBC https://t.co/3g9CSkKDFR'
799042256355278848,Thu Nov 17 00:11:34 +0000 2016,"b""RT @CityofSurrey: Have you signed your kids up for the 10th Annual Surrey Kids Conference this weekend? There's still space! https://t.co/S\xe2\x80\xa6"""
799035335300812804,Wed Nov 16 23:44:03 +0000 2016,b'RT @SurreyMortgages: [BREAKING] Grandview Heights Aquatic Centre Wins International Design Award #SouthSurrey #SurreyBC #CityofSurrey https\xe2\x80\xa6'
799031956696604676,Wed Nov 16 23:30:38 +0000 2016,b'Surrey Fire Service is currently recruiting for firefighters. Learn about what it takes. #SurreyBC @Local1271 https://t.co/XeAcWUQKa0'
799024048961269760,Wed Nov 16 22:59:13 +0000 2016,b'[BREAKING] Grandview Heights Aquatic Centre Wins International Design Award #SouthSurrey #SurreyBC #CityofSurrey\xe2\x80\xa6 https://t.co/Y8GRbIaWB3'
799017185431601152,Wed Nov 16 22:31:56 +0000 2016,"b'@CityofSurrey No need at #ChimneyHeights have been doing it for about a month now, it seems I trained my #dog to track them at the same time'"
799016521683128327,Wed Nov 16 22:29:18 +0000 2016,"b'@cskydesign Thx for letting us know, our crews will be cleaning this up. For future reports we also have an app: https://t.co/p7jzd0yOSg ^NP'"
799008003148173313,Wed Nov 16 21:55:27 +0000 2016,"b'How can we leverage the power of the arts &amp; culture to transform communities?  @MarkBusse @hborys to discuss, Nov 2\xe2\x80\xa6 https://t.co/4cF8mm5RQ5'"
798998618636025856,Wed Nov 16 21:18:10 +0000 2016,"b""RT @CityofSurrey: Want to get picture of your pet with Santa? He's headed to the Animal Resource Centre, Nov 20. #SurreyBC https://t.co/LQT\xe2\x80\xa6"""
798989995847479296,Wed Nov 16 20:43:54 +0000 2016,b'@CityofSurrey #BC. The Rain in Spain Falls Mainly in Surrey! Check it out! https://t.co/7rvmMXRPmv visits\xe2\x80\xa6 https://t.co/s7jqplgRsJ'
798987913627209729,Wed Nov 16 20:35:37 +0000 2016,b'RT @CityofSurrey: .@Vancity will share social innovation success stories at Surrey Social Innovation Summit Nov.23 #SurreyInnovates https:/\xe2\x80\xa6'
798987893414850561,Wed Nov 16 20:35:32 +0000 2016,"b'RT @SurreyOpenData: Happy #GISDay, #SurreyBC. The @CityofSurrey uses GIS as a way to share data, tell stories, and save residents a trip to\xe2\x80\xa6'"
798986889848045568,Wed Nov 16 20:31:33 +0000 2016,b'Come to the Animal Resource Centre on Nov 20 for some hot chocolate and Santa pix with your pet. #SurreyBC https://t.co/gaQ9uQ8bw3'
798986716484767748,Wed Nov 16 20:30:52 +0000 2016,b'#ChimneyHeightsPark it seems my #Dog is still tracking down #fireworks @CityofSurrey Today he found ones that  were\xe2\x80\xa6 https://t.co/o1dDhvQX9q'
798979506539266048,Wed Nov 16 20:02:13 +0000 2016,b'MT @CityofSurrey: Help find solutions to some of our community issues Nov23 #SurreyInnovates https://t.co/cEQwGyveXU https://t.co/sTIOYAKVkS'
798975666439884800,Wed Nov 16 19:46:57 +0000 2016,"b""@tomzytaruk @TheNowNewspaper too bad coalition won't even acknowledge @CityofSurrey is also partly responsible with constant NCP amendments."""
798972271696019456,Wed Nov 16 19:33:28 +0000 2016,b'RT @UechiVO: Heroic mental health workers help Syrian #refugees heal from trauma https://t.co/US0yNDjZyr @cityofsurrey @CityofLangley @DIVE\xe2\x80\xa6'
798970371005239297,Wed Nov 16 19:25:55 +0000 2016,b'Great @betterimpact Day @cityofburnaby @cityofsurrey @bccanceragency#volunteersoftware #bccancervolunteers https://t.co/5dF8qugvxB'
798964913892794368,Wed Nov 16 19:04:14 +0000 2016,"b""RT @CityofSurrey: Have you signed your kids up for the 10th Annual Surrey Kids Conference this weekend? There's still space! https://t.co/S\xe2\x80\xa6"""
798964844510658561,Wed Nov 16 19:03:57 +0000 2016,"b""Have you signed your kids up for the 10th Annual Surrey Kids Conference this weekend? There's still space!\xe2\x80\xa6 https://t.co/RDpG3ZSwtd"""
798957333514579968,Wed Nov 16 18:34:06 +0000 2016,b'RT @CityofSurrey: .@Vancity will share social innovation success stories at Surrey Social Innovation Summit Nov.23 #SurreyInnovates https:/\xe2\x80\xa6'
798955695416578048,Wed Nov 16 18:27:36 +0000 2016,b'RT @hcma: \xe2\x80\x98Supreme Award\xe2\x80\x99 goes to @CityofSurrey #GrandviewHeightsAquatic! @fast_epp https://t.co/gKLHEkTygl'
798955664101949440,Wed Nov 16 18:27:28 +0000 2016,b'RT @SurreyRCMP: We are a proud partner of the 2016 @CityofSurrey Kids conference Nov 18-19. Check it out! https://t.co/jxQ4DB62Re https://t\xe2\x80\xa6'
798950467069841408,Wed Nov 16 18:06:49 +0000 2016,b'@CityofSurrey - Awesome!  Cheers.'
798949327318224896,Wed Nov 16 18:02:18 +0000 2016,b'Register today to join us on Nov 23 #SurreyInnovates https://t.co/te2KBkvXi0  https://t.co/gK8bc27Htu'
798944720437198848,Wed Nov 16 17:43:59 +0000 2016,"b'RT @SurreyOpenData: Happy #GISDay, #SurreyBC. The @CityofSurrey uses GIS as a way to share data, tell stories, and save residents a trip to\xe2\x80\xa6'"
798942167007981568,Wed Nov 16 17:33:50 +0000 2016,"b'RT @SurreyOpenData: Happy #GISDay, #SurreyBC. The @CityofSurrey uses GIS as a way to share data, tell stories, and save residents a trip to\xe2\x80\xa6'"
798942030621593601,Wed Nov 16 17:33:18 +0000 2016,"b'RT @SurreyOpenData: Happy #GISDay, #SurreyBC. The @CityofSurrey uses GIS as a way to share data, tell stories, and save residents a trip to\xe2\x80\xa6'"
798941251886166016,Wed Nov 16 17:30:12 +0000 2016,"b'RT @SurreyOpenData: Happy #GISDay, #SurreyBC. The @CityofSurrey uses GIS as a way to share data, tell stories, and save residents a trip to\xe2\x80\xa6'"
798939992340971520,Wed Nov 16 17:25:12 +0000 2016,"b'RT @SurreyOpenData: Happy #GISDay, #SurreyBC. The @CityofSurrey uses GIS as a way to share data, tell stories, and save residents a trip to\xe2\x80\xa6'"
798938619872317441,Wed Nov 16 17:19:45 +0000 2016,"b'Happy #GISDay, #SurreyBC. The @CityofSurrey uses GIS as a way to share data, tell stories, and save residents a tri\xe2\x80\xa6 https://t.co/jr0pYAABkD'"
798937140176392193,Wed Nov 16 17:13:52 +0000 2016,b'@awesam81 @ejvb https://t.co/ZRliBCblpZ'
798936298505510916,Wed Nov 16 17:10:31 +0000 2016,b'.@Vancity will share social innovation success stories at Surrey Social Innovation Summit Nov.23 #SurreyInnovates\xe2\x80\xa6 https://t.co/CzYcRvdC0D'
798934075381792768,Wed Nov 16 17:01:41 +0000 2016,"b""@DarrenRCochran Cool idea, we'll pass it along!Currently we have our Rethink Waste app where you type the item in https://t.co/3s0TxfnYyy^NP"""
798932322439479296,Wed Nov 16 16:54:43 +0000 2016,b'RT @CityofSurrey: How can BC\xe2\x80\x99s 2nd largest city tackle its housing challenge? Register today &amp; find out Nov.23 #SurreyInnovates https://t.c\xe2\x80\xa6'
798930342258216960,Wed Nov 16 16:46:51 +0000 2016,b'RT @s_trujillo: Saturday is the Surrey Tree Lighting Festival.  Come make lanterns @SurreyArtGal booth! @CityofSurrey \nhttps://t.co/1AXcg2Z\xe2\x80\xa6'
798923113979199489,Wed Nov 16 16:18:08 +0000 2016,"b""Congrats to @CityofSurrey's Grandview Heights Aquatic Centre The Supreme Award for Structural Engineering Excellenc\xe2\x80\xa6 https://t.co/AgPY5dn55f"""
798920933217968128,Wed Nov 16 16:09:28 +0000 2016,b'Searching for @CityofSurrey  #history? Check out SAMOA! https://t.co/Fb13SQD5NA'
798882536889974784,Wed Nov 16 13:36:53 +0000 2016,"b'One of the youngest, most culturally diverse cities in Canada @CityofSurrey needs a Traffic Manager https://t.co/0p4EYpwvIN #jobs'"
798795724502634496,Wed Nov 16 07:51:56 +0000 2016,b'RT @s_trujillo: Saturday is the Surrey Tree Lighting Festival.  Come make lanterns @SurreyArtGal booth! @CityofSurrey \nhttps://t.co/1AXcg2Z\xe2\x80\xa6'
798795544717971456,Wed Nov 16 07:51:13 +0000 2016,b'Saturday is the Surrey Tree Lighting Festival.  Come make lanterns @SurreyArtGal booth! @CityofSurrey \nhttps://t.co/1AXcg2ZGBY'
798793725929324544,Wed Nov 16 07:43:59 +0000 2016,b'RT @EAzaad: A smarter way to safety\nIntervention program @SurreyRCMP saves lives in @CityofSurrey #SurreyBC #CrimePrevention https://t.co/c\xe2\x80\xa6'
798785840847593473,Wed Nov 16 07:12:39 +0000 2016,b'A smarter way to safety\nIntervention program @SurreyRCMP saves lives in @CityofSurrey #SurreyBC #CrimePrevention https://t.co/c7NQuueYDf'
798784500813545472,Wed Nov 16 07:07:20 +0000 2016,b'RT @SurreyRCMP: We are a proud partner of the 2016 @CityofSurrey Kids conference Nov 18-19. Check it out! https://t.co/jxQ4DB62Re https://t\xe2\x80\xa6'
798767189767503873,Wed Nov 16 05:58:33 +0000 2016,b'RT @JanetBrown980: Stabbing tonight in @CityofSurrey @SurreyRCMP @CKNW @dtsurreybia https://t.co/BsAYYLgkGY'
798766724057153540,Wed Nov 16 05:56:42 +0000 2016,b'RT @JanetBrown980: Stabbing tonight in @CityofSurrey @SurreyRCMP @CKNW @dtsurreybia https://t.co/BsAYYLgkGY'
798766281461624833,Wed Nov 16 05:54:56 +0000 2016,b'Stabbing tonight in @CityofSurrey @SurreyRCMP @CKNW @dtsurreybia https://t.co/BsAYYLgkGY'
798764024447975424,Wed Nov 16 05:45:58 +0000 2016,"b""RT @CityofSurrey: Want to get picture of your pet with Santa? He's headed to the Animal Resource Centre, Nov 20. #SurreyBC https://t.co/LQT\xe2\x80\xa6"""
798763914271989760,Wed Nov 16 05:45:32 +0000 2016,b'RT @SurreyRCMP: We are a proud partner of the 2016 @CityofSurrey Kids conference Nov 18-19. Check it out! https://t.co/jxQ4DB62Re https://t\xe2\x80\xa6'
798745665836748800,Wed Nov 16 04:33:01 +0000 2016,b'Hey @CityofSurrey - You should create a smartphone app that scans a barcode and tells you what type of recyclable i\xe2\x80\xa6 https://t.co/aqADW8djW6'
798711288570449920,Wed Nov 16 02:16:25 +0000 2016,b'Wow! On behalf of @waterpolocanada congrats to @CityofSurrey \n\n@CdnSportTourism @SportMatters613 https://t.co/qFSvjEGHuA'
798704060492722177,Wed Nov 16 01:47:41 +0000 2016,b'RT @CityofSurrey: How can BC\xe2\x80\x99s 2nd largest city tackle its housing challenge? Register today &amp; find out Nov.23 #SurreyInnovates https://t.c\xe2\x80\xa6'
798702797998813185,Wed Nov 16 01:42:40 +0000 2016,"b""RT @CityofSurrey: Want to get picture of your pet with Santa? He's headed to the Animal Resource Centre, Nov 20. #SurreyBC https://t.co/LQT\xe2\x80\xa6"""
798699034110136320,Wed Nov 16 01:27:43 +0000 2016,"b""RT @CityofSurrey: Want to get picture of your pet with Santa? He's headed to the Animal Resource Centre, Nov 20. #SurreyBC https://t.co/LQT\xe2\x80\xa6"""
798680656817463297,Wed Nov 16 00:14:42 +0000 2016,b'RT @SurreyMortgages: A Peek at the New Community Ice Arena to be built in 2017 in Surrey BC #SurreyBC #CityofSurrey #WhiteRock #SouthSurrey\xe2\x80\xa6'
798679683978051584,Wed Nov 16 00:10:50 +0000 2016,b'RT @CityofSurrey: How can BC\xe2\x80\x99s 2nd largest city tackle its housing challenge? Register today &amp; find out Nov.23 #SurreyInnovates https://t.c\xe2\x80\xa6'
798679527119433729,Wed Nov 16 00:10:12 +0000 2016,"b""RT @CityofSurrey: Want to get picture of your pet with Santa? He's headed to the Animal Resource Centre, Nov 20. #SurreyBC https://t.co/LQT\xe2\x80\xa6"""
798678970757619712,Wed Nov 16 00:08:00 +0000 2016,b'RT @CityofSurrey: Add your voice to finding solutions to some of our most pressing community issues on Nov 23. #SurreyInnovates https://t.c\xe2\x80\xa6'
798677046247510016,Wed Nov 16 00:00:21 +0000 2016,b'How can BC\xe2\x80\x99s 2nd largest city tackle its housing challenge? Register today &amp; find out Nov.23 #SurreyInnovates\xe2\x80\xa6 https://t.co/XNLYTTe4Vg'
798672929714225152,Tue Nov 15 23:43:59 +0000 2016,"b""RT @CityofSurrey: Want to get picture of your pet with Santa? He's headed to the Animal Resource Centre, Nov 20. #SurreyBC https://t.co/LQT\xe2\x80\xa6"""
798666680553656320,Tue Nov 15 23:19:09 +0000 2016,b'RT @SurreyRCMP: We are a proud partner of the 2016 @CityofSurrey Kids conference Nov 18-19. Check it out! https://t.co/jxQ4DB62Re https://t\xe2\x80\xa6'
798666530389196800,Tue Nov 15 23:18:34 +0000 2016,b'RT @SurreyRCMP: We are a proud partner of the 2016 @CityofSurrey Kids conference Nov 18-19. Check it out! https://t.co/jxQ4DB62Re https://t\xe2\x80\xa6'
798666443197816832,Tue Nov 15 23:18:13 +0000 2016,b'We are a proud partner of the 2016 @CityofSurrey Kids conference Nov 18-19. Check it out! https://t.co/jxQ4DB62Re https://t.co/qFjJC02uWE'
798665987931324416,Tue Nov 15 23:16:24 +0000 2016,"b""RT @CityofSurrey: Want to get picture of your pet with Santa? He's headed to the Animal Resource Centre, Nov 20. #SurreyBC https://t.co/LQT\xe2\x80\xa6"""
798664979494805504,Tue Nov 15 23:12:24 +0000 2016,"b""@SFU among partners to secure Surrey as Canada's first City of Refuge https://t.co/5rg2KCwqmT @CityofSurrey #writers #artists #safety"""
798663348984434688,Tue Nov 15 23:05:55 +0000 2016,"b""RT @HoneybeeCentre: We're going to be at the Surrey Tree Lighting Ceremony on Saturday.  Will you be joining us?  https://t.co/VHtPwOmiHd\xe2\x80\xa6"""
798662939947372544,Tue Nov 15 23:04:17 +0000 2016,"b""@CityofSurrey oh, sweet. I'll check it out. Thanks!"""
798662156019519489,Tue Nov 15 23:01:11 +0000 2016,"b""Want to get picture of your pet with Santa? He's headed to the Animal Resource Centre, Nov 20. #SurreyBC\xe2\x80\xa6 https://t.co/ES3vmlMfQD"""
798655081461620736,Tue Nov 15 22:33:04 +0000 2016,"b""We're going to be at the Surrey Tree Lighting Ceremony on Saturday.  Will you be joining us?  https://t.co/VHtPwOmiHd  @CityofSurrey"""
798651195707404288,Tue Nov 15 22:17:37 +0000 2016,b'RT @ACTadaptation: Read the Report: Crescent Beach Community Meetings on #SeaLevelRise https://t.co/uuwhmsFU7o @CityofSurrey @WCELaw #clima\xe2\x80\xa6'
798649499690422272,Tue Nov 15 22:10:53 +0000 2016,b'RT @ACTadaptation: Read the Report: Crescent Beach Community Meetings on #SeaLevelRise https://t.co/uuwhmsFU7o @CityofSurrey @WCELaw #clima\xe2\x80\xa6'
798649453452234752,Tue Nov 15 22:10:42 +0000 2016,b'Read the Report: Crescent Beach Community Meetings on #SeaLevelRise https://t.co/uuwhmsFU7o @CityofSurrey @WCELaw #climatechange #adaptation'
798647211844399104,Tue Nov 15 22:01:48 +0000 2016,b'#SurreyBC dog licences are now valid Jan 1 - Dec 31 of each year. Learn how that affects your licence(s). https://t.co/wjbpOfNefL'
798640926625124353,Tue Nov 15 21:36:49 +0000 2016,b'RT @Paradeguy: Not everyone looks stylin in Red! Chamber lunch draws people from all over. @CloverdaleNews @pulse1077 @DiscoverSurrey @City\xe2\x80\xa6'
798632865579880448,Tue Nov 15 21:04:47 +0000 2016,b'RT @FN_TechCouncil: Excited to bring an #IndigenousTech perspective to the #SurreyBC Social Innovation Summit! Nov.23 #SurreyInnovates http\xe2\x80\xa6'
798626947580313600,Tue Nov 15 20:41:16 +0000 2016,b'Our first batch of donations dropped off @SurreyChristmas 350 and counting come donate @PetSmart #chanceandlucky\xe2\x80\xa6 https://t.co/H7ABHfgMFW'
798624477659611136,Tue Nov 15 20:31:27 +0000 2016,"b'Heck yes, the beers will be flowing. https://t.co/3ZUTqZkfho'"
798624233865637888,Tue Nov 15 20:30:29 +0000 2016,b'Hope to see everyone out on Saturday for Surrey Tree Lighting! #SurreyTree https://t.co/kgmXU7NOUN'
798621146891460608,Tue Nov 15 20:18:13 +0000 2016,b'Not everyone looks stylin in Red! Chamber lunch draws people from all over. @CloverdaleNews @pulse1077\xe2\x80\xa6 https://t.co/il1OiVOfip'
798619034631577600,Tue Nov 15 20:09:50 +0000 2016,"b'RT @CityofSurrey: Drop by the Animal Resource Centre &amp; get your pet pix with Santa, Nov 20. #SurreyBC https://t.co/XQoj4cRrMR https://t.co/\xe2\x80\xa6'"
798612554897563648,Tue Nov 15 19:44:05 +0000 2016,b'RT @BTArchitects: Congradulations @CityofSurrey #surreybc @sry604'
798607818244796416,Tue Nov 15 19:25:15 +0000 2016,b'Congradulations @CityofSurrey #surreybc @sry604'
798604192734593024,Tue Nov 15 19:10:51 +0000 2016,b'RT @CityofSurrey: Add your voice to finding solutions to some of our most pressing community issues on Nov 23. #SurreyInnovates https://t.c\xe2\x80\xa6'
798601868523884544,Tue Nov 15 19:01:37 +0000 2016,"b""We're looking for resilient &amp; adaptable people to be Surrey Fire Service firefighters! @Local1271 #SurreyBC https://t.co/kxPPNZhKTJ"""
798592150334124032,Tue Nov 15 18:23:00 +0000 2016,b'RT @CityofSurrey: Add your voice to finding solutions to some of our most pressing community issues on Nov 23. #SurreyInnovates https://t.c\xe2\x80\xa6'
798591892740972544,Tue Nov 15 18:21:59 +0000 2016,b'RT @CityofSurrey: Add your voice to finding solutions to some of our most pressing community issues on Nov 23. #SurreyInnovates https://t.c\xe2\x80\xa6'
798591452779417601,Tue Nov 15 18:20:14 +0000 2016,b'We need some brightness! https://t.co/5sKtE2DSuN'
798591294331187200,Tue Nov 15 18:19:36 +0000 2016,"b'RT @CityofSurrey: We started building #SurreyTree today! Make sure to join us on Sat, Nov 19 to watch us light the tree! https://t.co/k3tFk\xe2\x80\xa6'"
798588796652515328,Tue Nov 15 18:09:40 +0000 2016,"b""RT @CityofSurrey: Experience Tayo Aluko's powerful performance about Paul Robeson's remarkable and eventful life with song on Nov 25. https\xe2\x80\xa6"""
798587759480868864,Tue Nov 15 18:05:33 +0000 2016,b'Add your voice to finding solutions to some of our most pressing community issues on Nov 23. #SurreyInnovates\xe2\x80\xa6 https://t.co/uR4eP21fmz'
798586775547604992,Tue Nov 15 18:01:38 +0000 2016,b'The @CityofSurrey is taking action on climate change #cities4climate #CANclimateaction \nhttps://t.co/HjjYqgx6Ma'
798575346295545857,Tue Nov 15 17:16:14 +0000 2016,"b'@James_Cobalt Hi James- if you can help us out by reporting these spots via our app, our crews can follow up https://t.co/JXoxEsHKtn thx^NP'"
798573369469771777,Tue Nov 15 17:08:22 +0000 2016,"b""@CityofSurrey Good to know! Thanks! I'm always out of the park by 3pm so that works \xf0\x9f\x91\x8d\xf0\x9f\x8f\xbb"""
798572860793044992,Tue Nov 15 17:06:21 +0000 2016,"b'@ecleken Ah, gotcha! Just a heads up, the washrooms were under repair due to vandalism. To prevent this, washrooms will be closing at 4pm^NP'"
798571372276379649,Tue Nov 15 17:00:26 +0000 2016,b'@CityofSurrey Ok thank you. As a professional dog walker I am in that park 4x per week and definitely rely on that washroom \xf0\x9f\x98\xae\xf0\x9f\x9a\xbd'
798570711539453952,Tue Nov 15 16:57:49 +0000 2016,b'@ecleken Sorry about this- the signs were worded incorrectly. The washrooms were closed for repair and are now reopened. Thank you ^NP'
798563851469996032,Tue Nov 15 16:30:33 +0000 2016,b'The latest Rapid Time Daily White Rock Edition! https://t.co/7ZbVPFxpe2 Thanks to @CityofSurrey #whiterock #calgarynews'
798549549795053568,Tue Nov 15 15:33:43 +0000 2016,"b'RT @CityofSurrey: Drop by the Animal Resource Centre &amp; get your pet pix with Santa, Nov 20. #SurreyBC https://t.co/XQoj4cRrMR https://t.co/\xe2\x80\xa6'"
798416686726709248,Tue Nov 15 06:45:46 +0000 2016,"b'RT @SFU: ICYMI: #SFU moves ahead with #Surrey campus expansion, #blog, photos: https://t.co/sviqXzbF8u @sfusurrey @CityofSurrey #SFUinnovat\xe2\x80\xa6'"
798397167434076161,Tue Nov 15 05:28:12 +0000 2016,"b'RT @CityofSurrey: From coast to coast, we\xe2\x80\x99re helping to light #CanadaRed to mark 50 days until #Canada150! #CBC2017 https://t.co/649O5eYH1H'"
798397056050200577,Tue Nov 15 05:27:46 +0000 2016,b'RT @CityofSurrey: What\xe2\x80\x99s social innovation? @Aletmanski\xe2\x80\x99s definition from last year\xe2\x80\x99s #surreyinnovates. See you Nov 23. https://t.co/OXVCxs\xe2\x80\xa6'
798380270558777344,Tue Nov 15 04:21:04 +0000 2016,b'RT @CityofSurrey: Reminder: Keep catch basins in front of your home clear by putting leaves in your organics cart or compost #surreybc http\xe2\x80\xa6'
798371947406991360,Tue Nov 15 03:47:59 +0000 2016,"b'RT @CityofSurrey: We started building #SurreyTree today! Make sure to join us on Sat, Nov 19 to watch us light the tree! https://t.co/k3tFk\xe2\x80\xa6'"
798369550651703296,Tue Nov 15 03:38:28 +0000 2016,"b'RT @CityofSurrey: Drop by the Animal Resource Centre &amp; get your pet pix with Santa, Nov 20. #SurreyBC https://t.co/XQoj4cRrMR https://t.co/\xe2\x80\xa6'"
798369369684262912,Tue Nov 15 03:37:45 +0000 2016,"b'RT @CityofSurrey: We started building #SurreyTree today! Make sure to join us on Sat, Nov 19 to watch us light the tree! https://t.co/k3tFk\xe2\x80\xa6'"
798369272489615364,Tue Nov 15 03:37:22 +0000 2016,"b'RT @CityofSurrey: We started building #SurreyTree today! Make sure to join us on Sat, Nov 19 to watch us light the tree! https://t.co/k3tFk\xe2\x80\xa6'"
798363550959878144,Tue Nov 15 03:14:38 +0000 2016,b'Much deserved #Power50 recognition for @CityofSurrey Mayor Linda Hepner @SurreyMayor . @vanmag_com https://t.co/3zlvzPZoyE'
798353948885143552,Tue Nov 15 02:36:28 +0000 2016,b'@CityofSurrey not nice ticketing by temple at 152 and 68 on this Sikh auspicious day'
798330479099330560,Tue Nov 15 01:03:13 +0000 2016,"b'Dear Surreyites,, my @CityofSurrey neighborhood is not a fucking dump. Please stop treating it like one\nThank you https://t.co/KgS705W4jN'"
798330431007506432,Tue Nov 15 01:03:01 +0000 2016,"b'RT @SFU: ICYMI: #SFU moves ahead with #Surrey campus expansion, #blog, photos: https://t.co/sviqXzbF8u @sfusurrey @CityofSurrey #SFUinnovat\xe2\x80\xa6'"
798326296753254400,Tue Nov 15 00:46:35 +0000 2016,"b'RT @SFU: ICYMI: #SFU moves ahead with #Surrey campus expansion, #blog, photos: https://t.co/sviqXzbF8u @sfusurrey @CityofSurrey #SFUinnovat\xe2\x80\xa6'"
798324984040935424,Tue Nov 15 00:41:23 +0000 2016,b'RT @CityofSurrey: What\xe2\x80\x99s social innovation? @Aletmanski\xe2\x80\x99s definition from last year\xe2\x80\x99s #surreyinnovates. See you Nov 23. https://t.co/OXVCxs\xe2\x80\xa6'
798319967074545664,Tue Nov 15 00:21:26 +0000 2016,"b'RT @CityofSurrey: Drop by the Animal Resource Centre &amp; get your pet pix with Santa, Nov 20. #SurreyBC https://t.co/XQoj4cRrMR https://t.co/\xe2\x80\xa6'"
798310542079201280,Mon Nov 14 23:43:59 +0000 2016,"b'RT @CityofSurrey: Drop by the Animal Resource Centre &amp; get your pet pix with Santa, Nov 20. #SurreyBC https://t.co/XQoj4cRrMR https://t.co/\xe2\x80\xa6'"
798306693050351616,Mon Nov 14 23:28:42 +0000 2016,"b'RT @CityofSurrey: Drop by the Animal Resource Centre &amp; get your pet pix with Santa, Nov 20. #SurreyBC https://t.co/XQoj4cRrMR https://t.co/\xe2\x80\xa6'"
798306301746954240,Mon Nov 14 23:27:08 +0000 2016,"b'RT @CityofSurrey: Drop by the Animal Resource Centre &amp; get your pet pix with Santa, Nov 20. #SurreyBC https://t.co/XQoj4cRrMR https://t.co/\xe2\x80\xa6'"
798305790222368768,Mon Nov 14 23:25:06 +0000 2016,"b'Drop by the Animal Resource Centre &amp; get your pet pix with Santa, Nov 20. #SurreyBC https://t.co/XQoj4cRrMR https://t.co/WiPuQYegie'"
798292011006697473,Mon Nov 14 22:30:21 +0000 2016,"b'ICYMI: #SFU moves ahead with #Surrey campus expansion, #blog, photos: https://t.co/sviqXzbF8u @sfusurrey\xe2\x80\xa6 https://t.co/MpVLAUbz24'"
798291891015929856,Mon Nov 14 22:29:53 +0000 2016,"b'@CityofSurrey #FleetwoodPark ""Temporary washrooms located in main parking lot"" ?? #Nope #Where? https://t.co/m4IrxGqDWq'"
798288238179995648,Mon Nov 14 22:15:22 +0000 2016,b'RT @WCCityData: WCCD Pres&amp;CEO to speak at the #IntelligentCitiesSummit on standardized city data (incl.data from @CityofSurrey) https://t.c\xe2\x80\xa6'
798284593543704576,Mon Nov 14 22:00:53 +0000 2016,b'What a great activity idea for Big and Little Brothers in Surrey! https://t.co/y8vDs8S9Kt'
798282096586297344,Mon Nov 14 21:50:57 +0000 2016,b'Heroic mental health workers help Syrian #refugees heal from trauma https://t.co/US0yNDjZyr @cityofsurrey @CityofLangley @DIVERSEcityBC'
798278553364086784,Mon Nov 14 21:36:53 +0000 2016,"b""RT @CityofSurrey: Experience Tayo Aluko's powerful performance about Paul Robeson's remarkable and eventful life with song on Nov 25. https\xe2\x80\xa6"""
798278492366348288,Mon Nov 14 21:36:38 +0000 2016,"b'RT @CityofSurrey: We started building #SurreyTree today! Make sure to join us on Sat, Nov 19 to watch us light the tree! https://t.co/k3tFk\xe2\x80\xa6'"
798276226343432193,Mon Nov 14 21:27:38 +0000 2016,"b'RT @CityofSurrey: We started building #SurreyTree today! Make sure to join us on Sat, Nov 19 to watch us light the tree! https://t.co/k3tFk\xe2\x80\xa6'"
798276062178254848,Mon Nov 14 21:26:59 +0000 2016,"b'We started building #SurreyTree today! Make sure to join us on Sat, Nov 19 to watch us light the tree!\xe2\x80\xa6 https://t.co/Fjzx6zkS2S'"
798272113559760897,Mon Nov 14 21:11:17 +0000 2016,b'RT @hcma: \xe2\x80\x98Supreme Award\xe2\x80\x99 goes to @CityofSurrey #GrandviewHeightsAquatic! @fast_epp https://t.co/gKLHEkTygl'
798269758735024128,Mon Nov 14 21:01:56 +0000 2016,b'Attention parents! Find out how to help your kids love learning with a free presentation by @GaryAnaka on Nov. 18. https://t.co/BIJpZBPuOb'
798267443290349568,Mon Nov 14 20:52:44 +0000 2016,b'RT @hcma: \xe2\x80\x98Supreme Award\xe2\x80\x99 goes to @CityofSurrey #GrandviewHeightsAquatic! @fast_epp https://t.co/gKLHEkTygl'
798265241087799296,Mon Nov 14 20:43:59 +0000 2016,"b'RT @Newton_BIA: Learn more about @CityofSurrey Public Safety Strategy. Safety Breakfast Nov 29, https://t.co/fDCD9CjKWI #surreybc #mynewton\xe2\x80\xa6'"
798253026922426368,Mon Nov 14 19:55:27 +0000 2016,"b'Learn more about @CityofSurrey Public Safety Strategy. Safety Breakfast Nov 29, https://t.co/fDCD9CjKWI #surreybc\xe2\x80\xa6 https://t.co/rb6syleXtd'"
798248998993698816,Mon Nov 14 19:39:26 +0000 2016,b'RT @SurreyMortgages: A Peek at the New Community Ice Arena to be built in 2017 in Surrey BC #SurreyBC #CityofSurrey #WhiteRock #SouthSurrey\xe2\x80\xa6'
798239775975088129,Mon Nov 14 19:02:47 +0000 2016,"b""Experience Tayo Aluko's powerful performance about Paul Robeson's remarkable and eventful life with song on Nov 25.\xe2\x80\xa6 https://t.co/gT4u2gZzLw"""
798235579058192384,Mon Nov 14 18:46:07 +0000 2016,"b'RT @SFU: #BC #Premier @christyclarkbc: ""@CityofSurrey &amp; #SFU are going to change Canada &amp; the world!"" #SFUinnovates #bcpoli #cdnpoli @sfusu\xe2\x80\xa6'"
798231323676545024,Mon Nov 14 18:29:12 +0000 2016,b'\xe2\x80\x98Supreme Award\xe2\x80\x99 goes to @CityofSurrey #GrandviewHeightsAquatic! @fast_epp https://t.co/gKLHEkTygl'
798227151019339776,Mon Nov 14 18:12:37 +0000 2016,b'RT @CityofSurrey: What\xe2\x80\x99s social innovation? @Aletmanski\xe2\x80\x99s definition from last year\xe2\x80\x99s #surreyinnovates. See you Nov 23. https://t.co/OXVCxs\xe2\x80\xa6'
798226634713210881,Mon Nov 14 18:10:34 +0000 2016,b'What\xe2\x80\x99s social innovation? @Aletmanski\xe2\x80\x99s definition from last year\xe2\x80\x99s #surreyinnovates. See you Nov 23. https://t.co/OXVCxsaARt'
798217252713758720,Mon Nov 14 17:33:17 +0000 2016,"b""Today's the deadline (Nov 14) to get your volunteer applications in for #SurreyBC committees. https://t.co/prFlrTYvPY"""
798216787519123456,Mon Nov 14 17:31:26 +0000 2016,"b'@MonicaBruwer Hi, a new sidewalk &amp; signal are being put in.The driveway needed adjustment for smooth transition to new sidwalk elevation ^NP'"
798214317346689024,Mon Nov 14 17:21:38 +0000 2016,b'RT @SurreyMortgages: A Peek at the New Community Ice Arena to be built in 2017 in Surrey BC #SurreyBC #CityofSurrey #WhiteRock #SouthSurrey\xe2\x80\xa6'
798214116313878528,Mon Nov 14 17:20:50 +0000 2016,"b'RT @CityofSurrey: From coast to coast, we\xe2\x80\x99re helping to light #CanadaRed to mark 50 days until #Canada150! #CBC2017 https://t.co/649O5eYH1H'"
798211472039911424,Mon Nov 14 17:10:19 +0000 2016,"b'RT @CityofSurrey: From coast to coast, we\xe2\x80\x99re helping to light #CanadaRed to mark 50 days until #Canada150! #CBC2017 https://t.co/649O5eYH1H'"
798203889774301184,Mon Nov 14 16:40:11 +0000 2016,b'This Sunday get photos with youre pet and Santa! @CityofSurrey @CUPEBC #cupe402 https://t.co/qGPHlN760z'
798203590078668800,Mon Nov 14 16:39:00 +0000 2016,b'RT @SurreyMortgages: A Peek at the New Community Ice Arena to be built in 2017 in Surrey BC #SurreyBC #CityofSurrey #WhiteRock #SouthSurrey\xe2\x80\xa6'
798194440607297537,Mon Nov 14 16:02:39 +0000 2016,b'Join our last FREE bike maintenance courses of the year happening in @CityofSurrey and @cityofcoquitlam. More info:\xe2\x80\xa6 https://t.co/bE5jDTrIJ4'
798189775240962050,Mon Nov 14 15:44:06 +0000 2016,b'RT @SurreyMortgages: A Peek at the New Community Ice Arena to be built in 2017 in Surrey BC #SurreyBC #CityofSurrey #WhiteRock #SouthSurrey\xe2\x80\xa6'
798186406715588608,Mon Nov 14 15:30:43 +0000 2016,b'RT @hcma: Congratulations to the whole team on this prestigious recognition. @fast_epp @CityofSurrey @EllisDon #GrandviewHeightsAquatic htt\xe2\x80\xa6'
798178726072619008,Mon Nov 14 15:00:12 +0000 2016,b'RT @SurreyMortgages: A Peek at the New Community Ice Arena to be built in 2017 in Surrey BC #SurreyBC #CityofSurrey #WhiteRock #SouthSurrey\xe2\x80\xa6'
798177162327011328,Mon Nov 14 14:53:59 +0000 2016,b'RT @SurreyMortgages: A Peek at the New Community Ice Arena to be built in 2017 in Surrey BC #SurreyBC #CityofSurrey #WhiteRock #SouthSurrey\xe2\x80\xa6'
798176402839191552,Mon Nov 14 14:50:58 +0000 2016,b'A Peek at the New Community Ice Arena to be built in 2017 in Surrey BC #SurreyBC #CityofSurrey #WhiteRock\xe2\x80\xa6 https://t.co/QdZRg9DLau'
798034305775611904,Mon Nov 14 05:26:19 +0000 2016,b'RT @Paradeguy: Giant Thanks 2 Mayor &amp; Council 4 xtra $ to get Reindeers/police/tcp 4 Surrey Santa parade! @CityofSurrey @TheNowNewspaper @C\xe2\x80\xa6'
797897838059364353,Sun Nov 13 20:24:03 +0000 2016,b'Thank you @CityofSurrey for getting the train tracks fixed.'
797892096753438720,Sun Nov 13 20:01:14 +0000 2016,b'Giant Thanks 2 Mayor &amp; Council 4 xtra $ to get Reindeers/police/tcp 4 Surrey Santa parade! @CityofSurrey\xe2\x80\xa6 https://t.co/tPCo2PUtDO'
797781475231956992,Sun Nov 13 12:41:40 +0000 2016,"b'RT @rupparmar: Join us today and tomorrow @PetSmart @TheShopsatMC to rescue a small animal, cat or kitten! @CityofSurrey #iadopted @DelmarB\xe2\x80\xa6'"
797701317334446084,Sun Nov 13 07:23:09 +0000 2016,"b'RT @CityofSurrey: From coast to coast, we\xe2\x80\x99re helping to light #CanadaRed to mark 50 days until #Canada150! #CBC2017 https://t.co/649O5eYH1H'"
797679712315187200,Sun Nov 13 05:57:18 +0000 2016,b'Looking good at the City Centre plaza. https://t.co/dTSrxhjN8s'
797677889185464320,Sun Nov 13 05:50:03 +0000 2016,"b'RT @CityofSurrey: From coast to coast, we\xe2\x80\x99re helping to light #CanadaRed to mark 50 days until #Canada150! #CBC2017 https://t.co/649O5eYH1H'"
797671269537722368,Sun Nov 13 05:23:45 +0000 2016,"b'RT @CityofSurrey: From coast to coast, we\xe2\x80\x99re helping to light #CanadaRed to mark 50 days until #Canada150! #CBC2017 https://t.co/649O5eYH1H'"
797669823941607424,Sun Nov 13 05:18:00 +0000 2016,"b'Retweeted City of Surrey (@CityofSurrey):\n\nFrom coast to coast, we\xe2\x80\x99re helping to light #CanadaRed to mark 50 days... https://t.co/em6wkZ8yYZ'"
797669801695080451,Sun Nov 13 05:17:55 +0000 2016,"b'RT @CityofSurrey: From coast to coast, we\xe2\x80\x99re helping to light #CanadaRed to mark 50 days until #Canada150! #CBC2017 https://t.co/649O5eYH1H'"
797665424464822273,Sun Nov 13 05:00:31 +0000 2016,"b'From coast to coast, we\xe2\x80\x99re helping to light #CanadaRed to mark 50 days until #Canada150! #CBC2017 https://t.co/649O5eYH1H'"
797615521399275520,Sun Nov 13 01:42:13 +0000 2016,"b'RT @rupparmar: Join us today and tomorrow @PetSmart @TheShopsatMC to rescue a small animal, cat or kitten! @CityofSurrey #iadopted @DelmarB\xe2\x80\xa6'"
797575180625346560,Sat Nov 12 23:01:55 +0000 2016,"b'RT @rupparmar: Join us today and tomorrow @PetSmart @TheShopsatMC to rescue a small animal, cat or kitten! @CityofSurrey #iadopted @DelmarB\xe2\x80\xa6'"
797568391003324417,Sat Nov 12 22:34:57 +0000 2016,"b'RT @rupparmar: Join us today and tomorrow @PetSmart @TheShopsatMC to rescue a small animal, cat or kitten! @CityofSurrey #iadopted @DelmarB\xe2\x80\xa6'"
797529719587667972,Sat Nov 12 20:01:17 +0000 2016,"b'Join us today and tomorrow @PetSmart @TheShopsatMC to rescue a small animal, cat or kitten! @CityofSurrey #iadopted\xe2\x80\xa6 https://t.co/6TjORkifL6'"
797510463776911361,Sat Nov 12 18:44:46 +0000 2016,"b""RT @hcma: How technical is @CityofSurrey's #GrandviewHeightsAquatic structure? Watch the roof install. (It only took 11 days!) https://t.co\xe2\x80\xa6"""
797447106927554560,Sat Nov 12 14:33:00 +0000 2016,b'@CityofSurrey want this to be your grandchildren and great grand children if not #Stopclearcutting #betterplanning https://t.co/TGtW3QgsgY'
797275406239830016,Sat Nov 12 03:10:44 +0000 2016,b'RT @brucehayne: @CityofSurrey won! with @fast_epp structural engineering international award!! https://t.co/lRS8EM9xSb'
797225586989080577,Fri Nov 11 23:52:46 +0000 2016,b'@brucehayne @fast_epp @CityofSurrey so excited to be part of the great team that won this top world award.  Congratulations to all involved!'
797217404610719744,Fri Nov 11 23:20:15 +0000 2016,b'@HaikuVikingGal @SFU @christyclarkbc @CityofSurrey @sfusurrey yet silent on SCC decision against her.'
797211394030575616,Fri Nov 11 22:56:22 +0000 2016,b'@fast_epp @CityofSurrey won the Supreme Award for structural engineering!! Wow! https://t.co/koi5fz2mcK'
797206550179770368,Fri Nov 11 22:37:07 +0000 2016,b'RT @hcma: Congratulations to the whole team on this prestigious recognition. @fast_epp @CityofSurrey @EllisDon #GrandviewHeightsAquatic htt\xe2\x80\xa6'
797205882832556032,Fri Nov 11 22:34:28 +0000 2016,b'RT @hcma: Congratulations to the whole team on this prestigious recognition. @fast_epp @CityofSurrey @EllisDon #GrandviewHeightsAquatic htt\xe2\x80\xa6'
797205307424264193,Fri Nov 11 22:32:11 +0000 2016,b'BC communities like @CityofSurrey are planning responses to #sealevelrise - check out new report from ACT &amp; @WCELaw https://t.co/Ok9bG2XjoB'
797202158609453056,Fri Nov 11 22:19:40 +0000 2016,b'RT @hcma: Congratulations to the whole team on this prestigious recognition. @fast_epp @CityofSurrey @EllisDon #GrandviewHeightsAquatic htt\xe2\x80\xa6'
797202084386877440,Fri Nov 11 22:19:22 +0000 2016,b'Congratulations to the whole team on this prestigious recognition. @fast_epp @CityofSurrey @EllisDon\xe2\x80\xa6 https://t.co/DtlTOqQNGm'
797201280473174016,Fri Nov 11 22:16:11 +0000 2016,b'@fast_epp with @CityofSurrey wins award for Grandview Aquatics facility Thanks you @SurreyMayor for your vision! https://t.co/H7hgcJbyAj'
797199657700990976,Fri Nov 11 22:09:44 +0000 2016,b'This is going to be an amazing concert! @CityofSurrey @whiterockcity @PeaceArchNews @TheNowNewspaper https://t.co/pVPMlLn7lo'
797199607109472256,Fri Nov 11 22:09:32 +0000 2016,b'@CityofSurrey won! with @fast_epp structural engineering international award!! https://t.co/lRS8EM9xSb'
797184880907952128,Fri Nov 11 21:11:01 +0000 2016,b'Amazing:  Someone made dozens of these and handed them out at #Cloverdale cenotaph. @CKNW @CityofSurrey @SurreyRCMP https://t.co/5icDGZZWen'
797167545983922176,Fri Nov 11 20:02:08 +0000 2016,b'#VoicesInTheSquare | Bringing #foodsustainability to #publicschools one year after #ReThinkFood:\xe2\x80\xa6 https://t.co/vsvtFMfPjq'
797162462357389312,Fri Nov 11 19:41:56 +0000 2016,b'@CityofSurrey with @fast_epp up for an international architectural award for Grandview Aquatics centre! https://t.co/htG5j9UYwL'
797146844899917824,Fri Nov 11 18:39:52 +0000 2016,b'#Cloverdale cenotaph @CKNW @CityofSurrey @SurreyRCMP https://t.co/uRBIcQsl12'
797143843204255745,Fri Nov 11 18:27:57 +0000 2016,b'RT @JanetBrown980: Crowds gathering at #Cloverdale cenotaph @CKNW @SurreyRCMP @CityofSurrey https://t.co/Ira5io2d9X'
797142619633504256,Fri Nov 11 18:23:05 +0000 2016,b'RT @JanetBrown980: Crowds gathering at #Cloverdale cenotaph @CKNW @SurreyRCMP @CityofSurrey https://t.co/Ira5io2d9X'
797142617959997440,Fri Nov 11 18:23:04 +0000 2016,b'RT @JanetBrown980: Crowds gathering at #Cloverdale cenotaph @CKNW @SurreyRCMP @CityofSurrey https://t.co/Ira5io2d9X'
797142595071668224,Fri Nov 11 18:22:59 +0000 2016,b'Crowds gathering at #Cloverdale cenotaph @CKNW @SurreyRCMP @CityofSurrey https://t.co/Ira5io2d9X'
797124091996049408,Fri Nov 11 17:09:28 +0000 2016,b'RT @RafaelSherwin: #SurreyCentral #DowntownSurrey\n#CentralCity #Surrey @CityofSurrey \nMy view from @BlenzCoffee https://t.co/1zvGpWnpYP'
796982180266115072,Fri Nov 11 07:45:33 +0000 2016,b'@CityofSurrey Municipal election cannot come soon enough'
796982063056359424,Fri Nov 11 07:45:05 +0000 2016,b'@CityofSurrey LRT is a huge waste of money for no better service than the busses we have already. Skytrain is a much better technology'
796980337641340928,Fri Nov 11 07:38:14 +0000 2016,b'#Quidditch is coming to @CityofSurrey !\n\nhttps://t.co/8sBVwjALrb'
796937017531645952,Fri Nov 11 04:46:06 +0000 2016,b'@nature_org #stopclearcutting older growth trees for new developments for $ &amp; greed protect our #forests and #oldgrowth trees @CityofSurrey'
796906285555994624,Fri Nov 11 02:43:58 +0000 2016,b'RT @MLACadieux: RT @CityofSurrey: Good luck to all the @QuidditchCanada teams playing in the Western Regional Championship in #SurreyBC thi\xe2\x80\xa6'
796902239054884865,Fri Nov 11 02:27:54 +0000 2016,b'RT @GiveLifeBC: Come on #surrybc lets book some appointments to #givelife #powerofall at Central city with treats! @cityofsurrey https://t.\xe2\x80\xa6'
796893964951519232,Fri Nov 11 01:55:01 +0000 2016,b'RT @CityofSurrey: Good luck to all the @QuidditchCanada teams playing in the Western Regional Championship in #SurreyBC this weekend!'
796884510860136450,Fri Nov 11 01:17:27 +0000 2016,b'RT @SFU: @CanadianPM @JustinTrudeau meets with #SFU #PhD students &amp; profs to discuss #cleantech.  @sfusurrey @CityofSurrey #SFUinnovates #t\xe2\x80\xa6'
796879735359873024,Fri Nov 11 00:58:28 +0000 2016,b'RT @Paradeguy: Big thanks to Valley Auto Repair for helping with Surrey Santa parade! #cloverdale @CloverdaleNews @DiscoverSurrey @pulse107\xe2\x80\xa6'
796877061767864320,Fri Nov 11 00:47:51 +0000 2016,b'Big thanks to Valley Auto Repair for helping with Surrey Santa parade! #cloverdale @CloverdaleNews @DiscoverSurrey\xe2\x80\xa6 https://t.co/3GHBJrdroA'
796867213894422528,Fri Nov 11 00:08:43 +0000 2016,b'RT @bc_cea: Hi @CityofSurrey @CityOfVictoria @crd_bc @cityofcranbrook these workshops are in your cities &amp; a great opportunity for local bu\xe2\x80\xa6'
796866338815954944,Fri Nov 11 00:05:14 +0000 2016,"b'Our work with @CityofSurrey. The cloud based tool unlocks, analyses and provides ability to share traffic count dat\xe2\x80\xa6 https://t.co/id5ljwDAQF'"
796850332429127680,Thu Nov 10 23:01:38 +0000 2016,b'A reminder that City Hall will be closed tomorrow in observance of Remembrance Day. Enjoy your weekend! #SurreyBC'
796841098727473153,Thu Nov 10 22:24:57 +0000 2016,b'Hi @CityofSurrey @CityOfVictoria @crd_bc @cityofcranbrook these workshops are in your cities &amp; a great opportunity\xe2\x80\xa6 https://t.co/iy9lNkmdwA'
796838722352332801,Thu Nov 10 22:15:30 +0000 2016,b'Get your kids ready for free workshops like DJing &amp; Volleyball at the 10th Annual Kids Conference in #SurreyBC. https://t.co/QJcdeLuqF5'
796830439256117248,Thu Nov 10 21:42:35 +0000 2016,b'#SurreyCentral #DowntownSurrey\n#CentralCity #Surrey @CityofSurrey \nMy view from @BlenzCoffee https://t.co/1zvGpWnpYP'
796821079725637633,Thu Nov 10 21:05:24 +0000 2016,b'Good luck to all the @QuidditchCanada teams playing in the Western Regional Championship in #SurreyBC this weekend!'
796814834574696450,Thu Nov 10 20:40:35 +0000 2016,"b""RT @CityofSurrey: Nov 14's the deadline for submitting applications to join our committees. Make a difference! https://t.co/DYW7m3IXUo"""
796814401604943872,Thu Nov 10 20:38:52 +0000 2016,"b'RT @ACTadaptation: New report from ACT, @WCELaw &amp; @CityofSurrey: meetings with residents on #sealevelrise #adaptation https://t.co/d06gVTgl\xe2\x80\xa6'"
796812480919924736,Thu Nov 10 20:31:14 +0000 2016,"b'RT @ACTadaptation: New report from ACT, @WCELaw &amp; @CityofSurrey: meetings with residents on #sealevelrise #adaptation https://t.co/d06gVTgl\xe2\x80\xa6'"
796810980399398912,Thu Nov 10 20:25:16 +0000 2016,"b'RT @ACTadaptation: New report from ACT, @WCELaw &amp; @CityofSurrey: meetings with residents on #sealevelrise #adaptation https://t.co/d06gVTgl\xe2\x80\xa6'"
796809637685145600,Thu Nov 10 20:19:56 +0000 2016,"b'New report from ACT, @WCELaw &amp; @CityofSurrey: meetings with residents on #sealevelrise #adaptation https://t.co/d06gVTgluh #climatechange'"
796798272983613441,Thu Nov 10 19:34:46 +0000 2016,b'@CityofSurrey GIS Manager Bill McKay is one of the presenters at our free GIS Day events Nov 16! Register at https://t.co/kHiqZiV2iU'
796797163724476416,Thu Nov 10 19:30:22 +0000 2016,b'Learn how you can honor the brave men and women who fought for our country tomorrow on #RemembranceDay https://t.co/AqrmRnH5cA @CityofSurrey'
796786908172947456,Thu Nov 10 18:49:37 +0000 2016,"b'Please donate gently used winter jackets, sweaters,scarves,socks, gloves to charity for the homeless https://t.co/OLV4Jr7nTM @CityofSurrey'"
796783870968377345,Thu Nov 10 18:37:33 +0000 2016,b'RT @GiveLifeBC: Come on #surrybc lets book some appointments to #givelife #powerofall at Central city with treats! @cityofsurrey https://t.\xe2\x80\xa6'
796782010261905408,Thu Nov 10 18:30:09 +0000 2016,b'Come on #surrybc lets book some appointments to #givelife #powerofall at Central city with treats! @cityofsurrey https://t.co/c3DOVj1tFU'
796775027974799360,Thu Nov 10 18:02:24 +0000 2016,b'What\xe2\x80\x99s the Social Innovation Summit on Nov 23 about? Check out this video. #SurreyInnovates https://t.co/NfRX43s2NE'
796768468876034048,Thu Nov 10 17:36:20 +0000 2016,b'RT @CityofSurrey: Looking to get involved with #CityofSurrey? Application deadline for committee volunteers is Nov 14! #SurreyBC https://t.\xe2\x80\xa6'
796740214249156608,Thu Nov 10 15:44:04 +0000 2016,b'RT @crimecitySurrey: LRT is the wrong system for a low density huge city like #Surreybc. As the Mayor said LRT is NOT about transit..its ab\xe2\x80\xa6'
796733737887297537,Thu Nov 10 15:18:20 +0000 2016,b'RT @PSDintelligence: NEW STUDY FROM PSD @CityofVancouver @CityofSurrey @TransLink  EXAMINES THE RESPONSE TO TRAFFIC CONGESTION BY CITIES ht\xe2\x80\xa6'
796731354155102208,Thu Nov 10 15:08:52 +0000 2016,b'LRT is the wrong system for a low density huge city like #Surreybc. As the Mayor said LRT is NOT about transit..its\xe2\x80\xa6 https://t.co/ubJR0z1IK6'
796730299996602368,Thu Nov 10 15:04:40 +0000 2016,b'NEW STUDY FROM PSD @CityofVancouver @CityofSurrey @TransLink  EXAMINES THE RESPONSE TO TRAFFIC CONGESTION BY CITIES https://t.co/PM44QGxVyq'
796675673943404544,Thu Nov 10 11:27:36 +0000 2016,b'RT @wendybollard: Thrilled to have #belfastgirlscanada on cover page of @SamuelFrenchLtd @whiterockcity @CityofSurrey @PeninsulaProduc @jak\xe2\x80\xa6'
796660036776984577,Thu Nov 10 10:25:28 +0000 2016,b'The @CityofSurrey becomes the first city in #BritishColumbia to be a @WCCityData #ISO37120 Platinum certified city https://t.co/Xp15Fsj7pF'
796611871260299264,Thu Nov 10 07:14:05 +0000 2016,b'RT @CityofSurrey: Your dog licence renewal process has changed! Check the link for details. #SurreyBC https://t.co/ySs9btm4Ve https://t.co/\xe2\x80\xa6'
796610687417991169,Thu Nov 10 07:09:22 +0000 2016,b'RT @CityofSurrey: Looking to get involved with #CityofSurrey? Application deadline for committee volunteers is Nov 14! #SurreyBC https://t.\xe2\x80\xa6'
796557750402588672,Thu Nov 10 03:39:01 +0000 2016,b'RT @SFU: The announcement from @JustinTrudeau : #SFU #SFUinnovates @CityofSurrey #cleantech #cdnpoli @bcgovnews #trudeau https://t.co/HeGwj\xe2\x80\xa6'
796547377154768896,Thu Nov 10 02:57:48 +0000 2016,b'RT @CityofSurrey: Looking to get involved with #CityofSurrey? Application deadline for committee volunteers is Nov 14! #SurreyBC https://t.\xe2\x80\xa6'
796541759186550784,Thu Nov 10 02:35:29 +0000 2016,b'RT @CityofSurrey: Looking to get involved with #CityofSurrey? Application deadline for committee volunteers is Nov 14! #SurreyBC https://t.\xe2\x80\xa6'
796540029178814464,Thu Nov 10 02:28:36 +0000 2016,"b""RT @Newton_BIA: You're invited! Newton Safety Breakfast, Nov 29, 8-9am. https://t.co/kHbVIReXeg #surreybc #mynewton #safertogether @CityofS\xe2\x80\xa6"""
796539406504972288,Thu Nov 10 02:26:08 +0000 2016,b'@delford @Newton_BIA @CityofSurrey Totally agree.'
796508328859815936,Thu Nov 10 00:22:38 +0000 2016,"b""RT @Newton_BIA: You're invited! Newton Safety Breakfast, Nov 29, 8-9am. https://t.co/kHbVIReXeg #surreybc #mynewton #safertogether @CityofS\xe2\x80\xa6"""
796502761055535104,Thu Nov 10 00:00:31 +0000 2016,b'RT @CityofSurrey: Looking to get involved with #CityofSurrey? Application deadline for committee volunteers is Nov 14! #SurreyBC https://t.\xe2\x80\xa6'
796501343905026048,Wed Nov 09 23:54:53 +0000 2016,b'RT @CityofSurrey: Looking to get involved with #CityofSurrey? Application deadline for committee volunteers is Nov 14! #SurreyBC https://t.\xe2\x80\xa6'
796498700294062080,Wed Nov 09 23:44:23 +0000 2016,"b""RT @Newton_BIA: You're invited! Newton Safety Breakfast, Nov 29, 8-9am. https://t.co/kHbVIReXeg #surreybc #mynewton #safertogether @CityofS\xe2\x80\xa6"""
796498661442207745,Wed Nov 09 23:44:13 +0000 2016,b'RT @CityofSurrey: Looking to get involved with #CityofSurrey? Application deadline for committee volunteers is Nov 14! #SurreyBC https://t.\xe2\x80\xa6'
796498606924636162,Wed Nov 09 23:44:00 +0000 2016,b'RT @SouthofFraser: The latest The Surrey and #surreybc Post! https://t.co/di6cNeBOBz Thanks to @KPUstulife @CityofSurrey @crimecitySurrey #\xe2\x80\xa6'
796497787873587200,Wed Nov 09 23:40:45 +0000 2016,b'The latest The Surrey and #surreybc Post! https://t.co/di6cNeBOBz Thanks to @KPUstulife @CityofSurrey @crimecitySurrey #surreybc #truesurrey'
796494166595252225,Wed Nov 09 23:26:22 +0000 2016,b'I find it amusing how the @CityofSurrey installed brand new L-turn signals on EVERY movement *EXCEPT* the 1 used by\xe2\x80\xa6 https://t.co/01qoES8Tv6'
796488883492032512,Wed Nov 09 23:05:22 +0000 2016,b'Looking to get involved with #CityofSurrey? Application deadline for committee volunteers is Nov 14! #SurreyBC https://t.co/rg0sB3PffR'
796487480384045056,Wed Nov 09 22:59:48 +0000 2016,"b""You're invited! Newton Safety Breakfast, Nov 29, 8-9am. https://t.co/kHbVIReXeg #surreybc #mynewton #safertogether @CityofSurrey"""
796483590741757953,Wed Nov 09 22:44:20 +0000 2016,"b'RT @crimecitySurrey: ""Ongoing City of Surrey construction is driving their business into the ground."" @CityofSurrey @SurreyMayor #surreybc\xe2\x80\xa6'"
796483554502934528,Wed Nov 09 22:44:11 +0000 2016,"b'RT @crimecitySurrey: ""@CityofSurrey crews/equipment blocking their main access"" ""received no notice of Friday\xe2\x80\x99s paving, which diverted Bist\xe2\x80\xa6'"
796483523544838144,Wed Nov 09 22:44:04 +0000 2016,"b'RT @crimecitySurrey: ""@CityofSurrey cost him and his wife $600 to $1,200 per day in lost revenue \xe2\x80\x93 losses that, to date, total more than $3\xe2\x80\xa6'"
796483502837563392,Wed Nov 09 22:43:59 +0000 2016,"b'RT @crimecitySurrey: ""@CityofSurrey is not the best place,\xe2\x80\x9d Cox said. It \xe2\x80\x9chas no care for any small business.\xe2\x80\x9d #surreybc @SBofT @anitahuber\xe2\x80\xa6'"
796479923506520064,Wed Nov 09 22:29:46 +0000 2016,"b'RT @crimecitySurrey: ""@CityofSurrey is not the best place,\xe2\x80\x9d Cox said. It \xe2\x80\x9chas no care for any small business.\xe2\x80\x9d #surreybc @SBofT @anitahuber\xe2\x80\xa6'"
796479462346919936,Wed Nov 09 22:27:56 +0000 2016,"b'""@CityofSurrey is not the best place,\xe2\x80\x9d Cox said. It \xe2\x80\x9chas no care for any small business.\xe2\x80\x9d #surreybc @SBofT\xe2\x80\xa6 https://t.co/dp3eQzXVoV'"
796479073732071424,Wed Nov 09 22:26:23 +0000 2016,"b'""@CityofSurrey cost him and his wife $600 to $1,200 per day in lost revenue \xe2\x80\x93 losses that, to date, total more than\xe2\x80\xa6 https://t.co/GINdxibK4B'"
796478535808319488,Wed Nov 09 22:24:15 +0000 2016,"b'""@CityofSurrey crews/equipment blocking their main access"" ""received no notice of Friday\xe2\x80\x99s paving, which diverted B\xe2\x80\xa6 https://t.co/tx268RjN75'"
796478142273552384,Wed Nov 09 22:22:41 +0000 2016,b'@Dupont604 presents @JunkNWD @ peacock bar and grill in @CityofSurrey December 16th tix 15$ hit me up\xe2\x80\xa6 https://t.co/qWw4w8OEyL'
796478085201694720,Wed Nov 09 22:22:28 +0000 2016,"b'""Ongoing City of Surrey construction is driving their business into the ground."" @CityofSurrey @SurreyMayor\xe2\x80\xa6 https://t.co/91LC62KNwz'"
796475208336961536,Wed Nov 09 22:11:02 +0000 2016,b'RT @PWABCupdates: Looking forward to our Emerging Leader event tonight at @CityofSurrey Operations Centre #myheroesweardirt'
796468676581068805,Wed Nov 09 21:45:04 +0000 2016,b'RT @WCCityData: The WCCD is pleased to welcome @CityofSurrey as an #ISO37120 Platinum certified city! 1st city in #BritishColumbia! https:/\xe2\x80\xa6'
796468518245908480,Wed Nov 09 21:44:27 +0000 2016,b'RT @SurreyRCMP: @CityofSurrey @jalee7 pls check with one of our local district offices to see if they have any available https://t.co/7yCef\xe2\x80\xa6'
796460378108600320,Wed Nov 09 21:12:06 +0000 2016,b'@CityofSurrey @jalee7 pls check with one of our local district offices to see if they have any available https://t.co/7yCefH2HCW. Thx.'
796457847378821120,Wed Nov 09 21:02:02 +0000 2016,"b""Experience Paul Robeson's remarkable and eventful life with song on Nov 25. #SurreyBC https://t.co/zKo0vNjeRX"""
796452948909793280,Wed Nov 09 20:42:35 +0000 2016,b'Looking forward to our Emerging Leader event tonight at @CityofSurrey Operations Centre #myheroesweardirt'
796447359748231168,Wed Nov 09 20:20:22 +0000 2016,b'RT @CityofSurrey: Reminder: Keep catch basins in front of your home clear by putting leaves in your organics cart https://t.co/F7Scg18xNJ'
796439950803640320,Wed Nov 09 19:50:56 +0000 2016,"b""RT @VolleyballBC: We're 10 days from the 10th Annual @CityofSurrey Kids Conference! Parents sign your kids up for free atomic VBall! #surre\xe2\x80\xa6"""
796439603448258560,Wed Nov 09 19:49:33 +0000 2016,"b""@jalee7 thanks for asking, we're looping in our friends at @SurreyRCMP as they might be able to help answer. Thanks ^NP"""
796439512188669952,Wed Nov 09 19:49:11 +0000 2016,b'RT @WCCityData: WCCD Pres&amp;CEO to speak at the #IntelligentCitiesSummit on standardized city data (incl.data from @CityofSurrey) https://t.c\xe2\x80\xa6'
796438228513517568,Wed Nov 09 19:44:05 +0000 2016,b'RT @CityofSurrey: Your dog licence renewal process has changed! Check the link for details. #SurreyBC https://t.co/ySs9btm4Ve https://t.co/\xe2\x80\xa6'
796438206262738947,Wed Nov 09 19:44:00 +0000 2016,"b""RT @VolleyballBC: We're 10 days from the 10th Annual @CityofSurrey Kids Conference! Parents sign your kids up for free atomic VBall! #surre\xe2\x80\xa6"""
796435835985883136,Wed Nov 09 19:34:35 +0000 2016,b'RT @SFU: Big news: @Canada &amp; #BC gov to provide $45M each to expand #SFU in @CityofSurrey #SFUinnovates @JustinTrudeau https://t.co/WsoU135\xe2\x80\xa6'
796434685656236037,Wed Nov 09 19:30:00 +0000 2016,"b""We're 10 days from the 10th Annual @CityofSurrey Kids Conference! Parents sign your kids up for free atomic VBall!\xe2\x80\xa6 https://t.co/xKbfSoC2NU"""
796428509736534018,Wed Nov 09 19:05:28 +0000 2016,b'Your dog licence renewal process has changed! Check the link for details. #SurreyBC https://t.co/ySs9btm4Ve https://t.co/EKsTgG0DqA'
796427569293885441,Wed Nov 09 19:01:44 +0000 2016,b'Are you a senior looking to brush up on bike maintenance skills? Join our FREE course next Wed in @CityofSurrey.\xe2\x80\xa6 https://t.co/R0r9R9zLc2'
796426557438955520,Wed Nov 09 18:57:42 +0000 2016,b'RT @WCCityData: WCCD Pres&amp;CEO to speak at the #IntelligentCitiesSummit on standardized city data (incl.data from @CityofSurrey) https://t.c\xe2\x80\xa6'
796425971767382016,Wed Nov 09 18:55:23 +0000 2016,b'RT @BCCSABeSafe: Ground Disturbance Seminar Dec 6th in @CityofSurrey with @BCCommonGround @DigSafeCanada @GlobalTCentre Register today #BCC\xe2\x80\xa6'
796422914455154688,Wed Nov 09 18:43:14 +0000 2016,b'Ground Disturbance Seminar Dec 6th in @CityofSurrey with @BCCommonGround @DigSafeCanada @GlobalTCentre Register tod\xe2\x80\xa6 https://t.co/MS1N9oYh4S'
796421889270939654,Wed Nov 09 18:39:09 +0000 2016,b'WCCD Pres&amp;CEO to speak at the #IntelligentCitiesSummit on standardized city data (incl.data from @CityofSurrey)\xe2\x80\xa6 https://t.co/H5ijTyFXhh'
796416185185157120,Wed Nov 09 18:16:29 +0000 2016,"b'RT @CityofSurrey: Globally recognized Michael Shuman is breaking it down to local living economies at #surreyinnovates, Nov 23 https://t.co\xe2\x80\xa6'"
796416117547798528,Wed Nov 09 18:16:13 +0000 2016,"b'RT @CityofSurrey: #SurreyBC is growing, and how we move into our future is important. See how LRT will shape our city: https://t.co/du1zuTg\xe2\x80\xa6'"
796412605606797312,Wed Nov 09 18:02:16 +0000 2016,"b'Hiring: Crime Analyst to support criminal investigative activities, programs &amp; crime reduction strategies #Civicjobs https://t.co/zsbiuryj7k'"
796408493494267904,Wed Nov 09 17:45:56 +0000 2016,"b'@CityofSurrey do our RCMP have these to hand out also? Needed, as nights are getting longer and much darker. https://t.co/QMtHXQKEeG'"
796407668504047616,Wed Nov 09 17:42:39 +0000 2016,"b'RT @VillageSurrey: TONIGHT: ""Taking the Next Step: Finding the right approach for your group"" https://t.co/7rcNyjrpXm @CityofSurrey, @vanta\xe2\x80\xa6'"
796407071621058560,Wed Nov 09 17:40:17 +0000 2016,b'@CityofSurrey GIS Manager Bill McKay is presenting at our free GIS Day events next week! Register to attend https://t.co/kHiqZiV2iU'
796400631699226624,Wed Nov 09 17:14:41 +0000 2016,b'RT @SFU: The announcement from @JustinTrudeau : #SFU #SFUinnovates @CityofSurrey #cleantech #cdnpoli @bcgovnews #trudeau https://t.co/HeGwj\xe2\x80\xa6'
796397113315913728,Wed Nov 09 17:00:42 +0000 2016,"b'RT @apxconsult: Amazing presentation @brucehayne from @CityofSurrey, great Smart City initiatives underway in BC, growing quickly! https://\xe2\x80\xa6'"
796392903962742785,Wed Nov 09 16:43:59 +0000 2016,"b'RT @PetePothier: #SurreyBC #Surrey @CityofSurrey @SurreyRCMP another stolen work van reported this morning, gettin real tired of this shit.\xe2\x80\xa6'"
796392386683371520,Wed Nov 09 16:41:55 +0000 2016,b'#intelligentcitiessummit .@CityofSurrey #LightRail promotes @EcoDistricts formation. https://t.co/wvGtpBMx8r'
796390657308983296,Wed Nov 09 16:35:03 +0000 2016,b'RT @CarlaMays: #intelligentcitiessummit Go .@CityofSurrey  #DigitalStrategy #diversity #econdev #green=Complete #SmartCity \xe2\x9d\xa4\xef\xb8\x8f #AmericaninCa\xe2\x80\xa6'
796390100808724480,Wed Nov 09 16:32:50 +0000 2016,b'RT @CarlaMays: #intelligentcitiessummit Go .@CityofSurrey  #DigitalStrategy #diversity #econdev #green=Complete #SmartCity \xe2\x9d\xa4\xef\xb8\x8f #AmericaninCa\xe2\x80\xa6'
796389420547112961,Wed Nov 09 16:30:08 +0000 2016,b'#intelligentcitiessummit Go .@CityofSurrey  #DigitalStrategy #diversity #econdev #green=Complete #SmartCity \xe2\x9d\xa4\xef\xb8\x8f\xe2\x80\xa6 https://t.co/tc1qbb855M'
796389344361660416,Wed Nov 09 16:29:50 +0000 2016,"b'RT @PetePothier: #SurreyBC #Surrey @CityofSurrey @SurreyRCMP another stolen work van reported this morning, gettin real tired of this shit.\xe2\x80\xa6'"
796386845089288194,Wed Nov 09 16:19:54 +0000 2016,b'RT @SFU: Big news: @Canada &amp; #BC gov to provide $45M each to expand #SFU in @CityofSurrey #SFUinnovates @JustinTrudeau https://t.co/WsoU135\xe2\x80\xa6'
796381843545325569,Wed Nov 09 16:00:02 +0000 2016,"b'RT @apxconsult: Amazing presentation @brucehayne from @CityofSurrey, great Smart City initiatives underway in BC, growing quickly! https://\xe2\x80\xa6'"
796381201628073984,Wed Nov 09 15:57:29 +0000 2016,"b'Amazing presentation @brucehayne from @CityofSurrey, great Smart City initiatives underway in BC, growing quickly! https://t.co/jusuZJUvR5'"
796380585748885509,Wed Nov 09 15:55:02 +0000 2016,"b'#SurreyBC #Surrey @CityofSurrey @SurreyRCMP another stolen work van reported this morning, gettin real tired of this shit...@mvpplumbing'"
796374765099331584,Wed Nov 09 15:31:54 +0000 2016,"b'RT @CityofSurrey: #SurreyBC is growing, and how we move into our future is important. See how LRT will shape our city: https://t.co/du1zuTg\xe2\x80\xa6'"
796372266422587392,Wed Nov 09 15:21:58 +0000 2016,b'RT @WCCityData: The WCCD is pleased to welcome @CityofSurrey as an #ISO37120 Platinum certified city! 1st city in #BritishColumbia! https:/\xe2\x80\xa6'
796370765935415296,Wed Nov 09 15:16:01 +0000 2016,"b'TONIGHT: ""Taking the Next Step: Finding the right approach for your group"" https://t.co/7rcNyjrpXm @CityofSurrey,\xe2\x80\xa6 https://t.co/ste1rdpaOs'"
796346276082307072,Wed Nov 09 13:38:42 +0000 2016,"b'RT @SurreyMortgages: White Rock Gives Water the All-Clear, But Resident Unsure #WhiteRock #SouthSurrey #SurreyBC #CityofSurrey https://t.co\xe2\x80\xa6'"
